code,test_name,category,parameter_name,result_type,unit,specimen,method,time_point,reference_low,reference_high,qualitative_options,cutoff,calculation_formula,configured_source,analyzer_name,report_note,lab_approval_status,lab_comments
"BIO-0141","Cystatin C","Clinical Biochemistry","","","","","","","","","","","","","","","PENDING_LAB_APPROVAL",""
"END-0056","Oral Glucose Tolerance Test (75 g)","Endocrinology","","","","Serum/Plasma at timed intervals","Protocol-based timed testing","","","","","","","","","","PENDING_LAB_APPROVAL",""
"END-0056","Oral Glucose Tolerance Test (75 g)","Endocrinology","","","","Serum/Plasma at timed intervals","Protocol-based timed testing","","","","","","","","","","PENDING_LAB_APPROVAL",""
"END-0056","Oral Glucose Tolerance Test (75 g)","Endocrinology","","","","Serum/Plasma at timed intervals","Protocol-based timed testing","","","","","","","","","","PENDING_LAB_APPROVAL",""
"END-0056","Oral Glucose Tolerance Test (75 g)","Endocrinology","","","","Serum/Plasma at timed intervals","Protocol-based timed testing","","","","","","","","","","PENDING_LAB_APPROVAL",""
"END-0057","Gestational OGTT 75 g","Endocrinology","","","","Serum/Plasma at timed intervals","Protocol-based timed testing","","","","","","","","","","PENDING_LAB_APPROVAL",""
"END-0057","Gestational OGTT 75 g","Endocrinology","","","","Serum/Plasma at timed intervals","Protocol-based timed testing","","","","","","","","","","PENDING_LAB_APPROVAL",""
"END-0057","Gestational OGTT 75 g","Endocrinology","","","","Serum/Plasma at timed intervals","Protocol-based timed testing","","","","","","","","","","PENDING_LAB_APPROVAL",""
"END-0058","Glucose Challenge Test 50 g","Endocrinology","","","","Serum/Plasma at timed intervals","Protocol-based timed testing","","","","","","","","","","PENDING_LAB_APPROVAL",""
"END-0059","Dexamethasone Suppression Test - Overnight","Endocrinology","","","","Serum/Plasma at timed intervals","Protocol-based timed testing","","","","","","","","","","PENDING_LAB_APPROVAL",""
"END-0059","Dexamethasone Suppression Test - Overnight","Endocrinology","","","","Serum/Plasma at timed intervals","Protocol-based timed testing","","","","","","","","","","PENDING_LAB_APPROVAL",""
"END-0060","Low Dose Dexamethasone Suppression Test","Endocrinology","","","","Serum/Plasma at timed intervals","Protocol-based timed testing","","","","","","","","","","PENDING_LAB_APPROVAL",""
"END-0060","Low Dose Dexamethasone Suppression Test","Endocrinology","","","","Serum/Plasma at timed intervals","Protocol-based timed testing","","","","","","","","","","PENDING_LAB_APPROVAL",""
"END-0060","Low Dose Dexamethasone Suppression Test","Endocrinology","","","","Serum/Plasma at timed intervals","Protocol-based timed testing","","","","","","","","","","PENDING_LAB_APPROVAL",""
"END-0061","High Dose Dexamethasone Suppression Test","Endocrinology","","","","Serum/Plasma at timed intervals","Protocol-based timed testing","","","","","","","","","","PENDING_LAB_APPROVAL",""
"END-0061","High Dose Dexamethasone Suppression Test","Endocrinology","","","","Serum/Plasma at timed intervals","Protocol-based timed testing","","","","","","","","","","PENDING_LAB_APPROVAL",""
"END-0062","ACTH Stimulation Test","Endocrinology","","","","Serum/Plasma at timed intervals","Protocol-based timed testing","","","","","","","","","","PENDING_LAB_APPROVAL",""
"END-0062","ACTH Stimulation Test","Endocrinology","","","","Serum/Plasma at timed intervals","Protocol-based timed testing","","","","","","","","","","PENDING_LAB_APPROVAL",""
"END-0062","ACTH Stimulation Test","Endocrinology","","","","Serum/Plasma at timed intervals","Protocol-based timed testing","","","","","","","","","","PENDING_LAB_APPROVAL",""
"END-0063","Growth Hormone Suppression Test","Endocrinology","","","","Serum/Plasma at timed intervals","Protocol-based timed testing","","","","","","","","","","PENDING_LAB_APPROVAL",""
"END-0063","Growth Hormone Suppression Test","Endocrinology","","","","Serum/Plasma at timed intervals","Protocol-based timed testing","","","","","","","","","","PENDING_LAB_APPROVAL",""
"END-0063","Growth Hormone Suppression Test","Endocrinology","","","","Serum/Plasma at timed intervals","Protocol-based timed testing","","","","","","","","","","PENDING_LAB_APPROVAL",""
"END-0063","Growth Hormone Suppression Test","Endocrinology","","","","Serum/Plasma at timed intervals","Protocol-based timed testing","","","","","","","","","","PENDING_LAB_APPROVAL",""
"END-0063","Growth Hormone Suppression Test","Endocrinology","","","","Serum/Plasma at timed intervals","Protocol-based timed testing","","","","","","","","","","PENDING_LAB_APPROVAL",""
"END-0064","Growth Hormone Stimulation Test","Endocrinology","","","","Serum/Plasma at timed intervals","Protocol-based timed testing","","","","","","","","","","PENDING_LAB_APPROVAL",""
"END-0064","Growth Hormone Stimulation Test","Endocrinology","","","","Serum/Plasma at timed intervals","Protocol-based timed testing","","","","","","","","","","PENDING_LAB_APPROVAL",""
"END-0064","Growth Hormone Stimulation Test","Endocrinology","","","","Serum/Plasma at timed intervals","Protocol-based timed testing","","","","","","","","","","PENDING_LAB_APPROVAL",""
"END-0064","Growth Hormone Stimulation Test","Endocrinology","","","","Serum/Plasma at timed intervals","Protocol-based timed testing","","","","","","","","","","PENDING_LAB_APPROVAL",""
"END-0065","Water Deprivation Test","Endocrinology","","","","Serum/Plasma at timed intervals","Protocol-based timed testing","","","","","","","","","","PENDING_LAB_APPROVAL",""
"END-0065","Water Deprivation Test","Endocrinology","","","","Serum/Plasma at timed intervals","Protocol-based timed testing","","","","","","","","","","PENDING_LAB_APPROVAL",""
"END-0065","Water Deprivation Test","Endocrinology","","","","Serum/Plasma at timed intervals","Protocol-based timed testing","","","","","","","","","","PENDING_LAB_APPROVAL",""
"END-0065","Water Deprivation Test","Endocrinology","","","","Serum/Plasma at timed intervals","Protocol-based timed testing","","","","","","","","","","PENDING_LAB_APPROVAL",""
"IMM-0093","Interleukin-6 (IL-6)","Serology & Immunology","","","","","","","","","","","","","","","PENDING_LAB_APPROVAL",""
"POC-0002","Venous Blood Gas (VBG)","Point of Care / Blood Gas","","","","Heparinized arterial/venous whole blood","Blood gas analyzer","","","","","","","","","","PENDING_LAB_APPROVAL",""
"POC-0002","Venous Blood Gas (VBG)","Point of Care / Blood Gas","","","","Heparinized arterial/venous whole blood","Blood gas analyzer","","","","","","","","","","PENDING_LAB_APPROVAL",""
"POC-0002","Venous Blood Gas (VBG)","Point of Care / Blood Gas","","","","Heparinized arterial/venous whole blood","Blood gas analyzer","","","","","","","","","","PENDING_LAB_APPROVAL",""
"POC-0002","Venous Blood Gas (VBG)","Point of Care / Blood Gas","","","","Heparinized arterial/venous whole blood","Blood gas analyzer","","","","","","","","","","PENDING_LAB_APPROVAL",""
"POC-0002","Venous Blood Gas (VBG)","Point of Care / Blood Gas","","","","Heparinized arterial/venous whole blood","Blood gas analyzer","","","","","","","","","","PENDING_LAB_APPROVAL",""
"POC-0002","Venous Blood Gas (VBG)","Point of Care / Blood Gas","","","","Heparinized arterial/venous whole blood","Blood gas analyzer","","","","","","","","","","PENDING_LAB_APPROVAL",""
"POC-0002","Venous Blood Gas (VBG)","Point of Care / Blood Gas","","","","Heparinized arterial/venous whole blood","Blood gas analyzer","","","","","","","","","","PENDING_LAB_APPROVAL",""
"SER-0089","Scrub Typhus (FIA IgM/IgG)","Serology & Immunology","","","","","Fluorescence Immunoassay (FIA)","","","","","","","","","","PENDING_LAB_APPROVAL",""
"SER-0089","Scrub Typhus (FIA IgM/IgG)","Serology & Immunology","","","","","Fluorescence Immunoassay (FIA)","","","","","","","","","","PENDING_LAB_APPROVAL",""
"SPC-0007","Organic Acids, Urine","Special Chemistry","","","","Blood/DBS/Urine/Sweat as specified","Validated screening/LC-MS/MS method","","","","","","","","","","PENDING_LAB_APPROVAL",""