"test_code","parameter_name","review_category","proposed_range_or_cutoff","proposed_critical_panic","action_needed","current_decision"
"BIO-0042","Ionized Calcium (Ca2+)","CRITICAL_PANIC_VALUE_GOVERNANCE","1.15 - 1.33 mmol/L | <1.15: Hypocalcemia; >1.33: Hypercalcemia","Low: 0.80 | High: 1.60","Medical Director sign-off on panic notification thresholds","HOLD_DO_NOT_MIGRATE"
"BIO-0042","Ionized Calcium (Ca2+)","CRITICAL_PANIC_VALUE_GOVERNANCE","4.60 - 5.30 mg/dL | <4.60: Hypocalcemia; >5.30: Hypercalcemia","Low: 3.20 | High: 6.40","Medical Director sign-off on panic notification thresholds","HOLD_DO_NOT_MIGRATE"
"BIO-0041","Total Calcium","CRITICAL_PANIC_VALUE_GOVERNANCE","8.6 - 10.2 mg/dL | <8.6: Hypocalcemia; >10.2: Hypercalcemia","Low: 6.5 | High: 13.0","Medical Director sign-off on panic notification thresholds","HOLD_DO_NOT_MIGRATE"
"BIO-0043","Phosphorus (Inorganic Phosphate)","CRITICAL_PANIC_VALUE_GOVERNANCE","2.5 - 4.5 mg/dL | <2.5: Hypophosphatemia; >4.5: Hyperphosphatemia","Low: 1.0 | High: 8.0","Medical Director sign-off on panic notification thresholds","HOLD_DO_NOT_MIGRATE"
"BIO-0044","Magnesium (Mg)","CRITICAL_PANIC_VALUE_GOVERNANCE","1.7 - 2.4 mg/dL | <1.7: Hypomagnesemia; >2.4: Hypermagnesemia","Low: 1.0 | High: 4.5","Medical Director sign-off on panic notification thresholds","HOLD_DO_NOT_MIGRATE"
"BIO-0045","Serum Iron","GENERAL_CLINICAL_VALIDATION","65 - 175 µg/dL | <65: Iron deficiency; >175: Iron overload/hemochromatosis","None","Medical Director sign-off on panic notification thresholds","HOLD_DO_NOT_MIGRATE"
"BIO-0045","Serum Iron","GENERAL_CLINICAL_VALIDATION","50 - 170 µg/dL | <50: Iron deficiency; >170: Iron overload","None","Medical Director sign-off on panic notification thresholds","HOLD_DO_NOT_MIGRATE"
"BIO-0046","Total Iron Binding Capacity (TIBC)","GENERAL_CLINICAL_VALIDATION","250 - 425 µg/dL | >425: Elevated in iron deficiency; <250: Low in chronic illness/malnutrition","None","Medical Director sign-off on panic notification thresholds","HOLD_DO_NOT_MIGRATE"
"BIO-0047","Unsaturated Iron Binding Capacity (UIBC)","GENERAL_CLINICAL_VALIDATION","120 - 370 µg/dL | Calculated: TIBC - Serum Iron","None","Medical Director sign-off on panic notification thresholds","HOLD_DO_NOT_MIGRATE"
"BIO-0048","Transferrin","GENERAL_CLINICAL_VALIDATION","200 - 360 mg/dL | <200: Negative acute-phase reactant; >360: Increased in iron deficiency","None","Medical Director sign-off on panic notification thresholds","HOLD_DO_NOT_MIGRATE"
"BIO-0049","Transferrin Saturation (TSAT)","GENERAL_CLINICAL_VALIDATION","20 - 50 % | <20%: Absolute/functional iron deficiency; >50%: Hemochromatosis/overload risk","None","Medical Director sign-off on panic notification thresholds","HOLD_DO_NOT_MIGRATE"
"END-0013","Cortisol, Morning (8 AM)","ASSAY_PACKAGE_INSERT_VERIFICATION","6.0 - 18.4 µg/dL | <3.0: Adrenal insufficiency suspicion; >18.4: Hypercortisolemia screening","None","Confirm on-site analyzer reagent lot & package insert","HOLD_DO_NOT_MIGRATE"
"END-0014","Cortisol, Evening (4 PM)","ASSAY_PACKAGE_INSERT_VERIFICATION","2.7 - 10.5 µg/dL | Normal diurnal rhythm requires evening value to be approximately 50% of morning level","None","Confirm on-site analyzer reagent lot & package insert","HOLD_DO_NOT_MIGRATE"
"END-0015","Adrenocorticotropic Hormone (ACTH)","ASSAY_PACKAGE_INSERT_VERIFICATION","7.2 - 63.3 pg/mL | <5.0 pg/mL in secondary adrenal insufficiency or autonomous Cushing's","None","Confirm on-site analyzer reagent lot & package insert","HOLD_DO_NOT_MIGRATE"
"END-0011","Parathyroid Hormone (PTH, Intact)","ASSAY_PACKAGE_INSERT_VERIFICATION","15.0 - 65.0 pg/mL | Primary hyperparathyroidism: elevated PTH with hypercalcemia; Secondary: elevated PTH with low/normal Ca","None","Confirm on-site analyzer reagent lot & package insert","HOLD_DO_NOT_MIGRATE"
"END-0025","Prolactin","ASSAY_PACKAGE_INSERT_VERIFICATION","4.0 - 15.2 ng/mL | >200: Strongly indicative of prolactinoma; 25–100: Non-adenoma hyperprolactinemia","None","Confirm on-site analyzer reagent lot & package insert","HOLD_DO_NOT_MIGRATE"
"END-0025","Prolactin","ASSAY_PACKAGE_INSERT_VERIFICATION","4.8 - 23.3 ng/mL | Postmenopausal: 3.0–18.0 ng/mL","None","Confirm on-site analyzer reagent lot & package insert","HOLD_DO_NOT_MIGRATE"
"END-0039","Beta-hCG, Quantitative","ASSAY_PACKAGE_INSERT_VERIFICATION","0.0 - 5.0 mIU/mL | <5.0: Negative; 5–25: Equivocal (repeat in 48h); >25: Positive for pregnancy","None","Confirm on-site analyzer reagent lot & package insert","HOLD_DO_NOT_MIGRATE"
"TOX-0001","Lithium","ASSAY_PACKAGE_INSERT_VERIFICATION","0.60 - 1.20 mmol/L | Acute Mania: 0.8–1.2; Maintenance: 0.6–0.8","Low: 0.40 | High: 1.50","Confirm on-site analyzer reagent lot & package insert","HOLD_DO_NOT_MIGRATE"
"TOX-0002","Valproic Acid (Sodium Valproate)","ASSAY_PACKAGE_INSERT_VERIFICATION","50.0 - 100.0 µg/mL | Therapeutic range: 50–100 µg/mL; Toxicity commonly manifests >125 µg/mL","Low: — | High: 150.0","Confirm on-site analyzer reagent lot & package insert","HOLD_DO_NOT_MIGRATE"
"TOX-0003","Carbamazepine","ASSAY_PACKAGE_INSERT_VERIFICATION","4.0 - 12.0 µg/mL | Therapeutic range: 4–12 µg/mL; Toxic signs (ataxia, nystagmus) common >15 µg/mL","Low: — | High: 15.0","Confirm on-site analyzer reagent lot & package insert","HOLD_DO_NOT_MIGRATE"
"TOX-0004","Phenytoin","ASSAY_PACKAGE_INSERT_VERIFICATION","10.0 - 20.0 µg/mL | Therapeutic range: 10–20 µg/mL; Nystagmus >20; Ataxia >30; Encephalopathy >40","Low: — | High: 25.0","Confirm on-site analyzer reagent lot & package insert","HOLD_DO_NOT_MIGRATE"
"TOX-0005","Vancomycin (Trough)","ASSAY_PACKAGE_INSERT_VERIFICATION","10.0 - 20.0 µg/mL | Standard infections: 10–15; Severe (MRSA pneumonia, endocarditis, sepsis): 15–20","Low: — | High: 25.0","Confirm on-site analyzer reagent lot & package insert","HOLD_DO_NOT_MIGRATE"
"TOX-0006","Digoxin","ASSAY_PACKAGE_INSERT_VERIFICATION","0.8 - 2.0 ng/mL | Heart Failure: 0.5–0.9 ng/mL; Atrial Fibrillation: 0.8–1.5 ng/mL","Low: — | High: 2.5","Confirm on-site analyzer reagent lot & package insert","HOLD_DO_NOT_MIGRATE"
"TOX-0007","Theophylline","ASSAY_PACKAGE_INSERT_VERIFICATION","10.0 - 20.0 µg/mL | Bronchodilation: 10–20 µg/mL (optimal 5–15 µg/mL in modern protocols)","Low: — | High: 25.0","Confirm on-site analyzer reagent lot & package insert","HOLD_DO_NOT_MIGRATE"
"TOX-0008","Methotrexate (MTX)","ASSAY_PACKAGE_INSERT_VERIFICATION","0.00 - 0.05 µmol/L | 24h post: <5.0; 48h post: <0.5; 72h post: <0.1 µmol/L (Leucovorin rescue threshold)","Low: — | High: 10.0","Confirm on-site analyzer reagent lot & package insert","HOLD_DO_NOT_MIGRATE"
"TOX-0009","Cyclosporine (A)","ASSAY_PACKAGE_INSERT_VERIFICATION","100 - 400 ng/mL | Renal transplant maintenance: 100–200; Acute phase post-transplant: 200–400 ng/mL","Low: — | High: 450","Confirm on-site analyzer reagent lot & package insert","HOLD_DO_NOT_MIGRATE"
"TOX-0010","Tacrolimus (FK-506)","ASSAY_PACKAGE_INSERT_VERIFICATION","5.0 - 15.0 ng/mL | Maintenance: 5–10 ng/mL; Early post-transplant (1–3 mo): 10–15 ng/mL","Low: — | High: 20.0","Confirm on-site analyzer reagent lot & package insert","HOLD_DO_NOT_MIGRATE"
"TUM-0001","Carcinoembryonic Antigen (CEA)","ASSAY_PACKAGE_INSERT_VERIFICATION","0.0 - 3.0 ng/mL | Non-smoker: <3.0; Smoker: <5.0; Malignancy suspicion: >10.0","None","Confirm on-site analyzer reagent lot & package insert","HOLD_DO_NOT_MIGRATE"
"TUM-0002","Alpha-Fetoprotein (AFP, Tumor Marker)","ASSAY_PACKAGE_INSERT_VERIFICATION","0.0 - 7.0 ng/mL | Hepatocellular carcinoma (HCC) cutoff: >20 ng/mL (diagnostic when >200 ng/mL with imaging)","None","Confirm on-site analyzer reagent lot & package insert","HOLD_DO_NOT_MIGRATE"
"TUM-0003","Cancer Antigen 125 (CA 125)","ASSAY_PACKAGE_INSERT_VERIFICATION","0.0 - 35.0 U/mL | Postmenopausal cutoff: <35.0 U/L; Elevated in ovarian malignancy, endometriosis, peritonitis","None","Confirm on-site analyzer reagent lot & package insert","HOLD_DO_NOT_MIGRATE"
"TUM-0004","Carbohydrate Antigen 19-9 (CA 19-9)","ASSAY_PACKAGE_INSERT_VERIFICATION","0.0 - 37.0 U/mL | Pancreatic adenocarcinoma monitoring threshold: >37.0 U/mL","None","Confirm on-site analyzer reagent lot & package insert","HOLD_DO_NOT_MIGRATE"
"TUM-0005","Cancer Antigen 15-3 (CA 15-3)","ASSAY_PACKAGE_INSERT_VERIFICATION","0.0 - 25.0 U/mL | Metastatic breast cancer monitoring threshold: >25.0–30.0 U/mL","None","Confirm on-site analyzer reagent lot & package insert","HOLD_DO_NOT_MIGRATE"
"TUM-0006","Prostate-Specific Antigen (PSA, Total)","ASSAY_PACKAGE_INSERT_VERIFICATION","0.0 - 2.5 ng/mL | Age-specific: 40–49y: <2.5; 50–59y: <3.5; 60–69y: <4.5; 70–79y: <6.5","None","Confirm on-site analyzer reagent lot & package insert","HOLD_DO_NOT_MIGRATE"
"TUM-0007","Free PSA","ASSAY_PACKAGE_INSERT_VERIFICATION"," -  ng/mL | Free/Total PSA Ratio: >25% (low cancer risk); <10% (high cancer risk ~56%)","None","Confirm on-site analyzer reagent lot & package insert","HOLD_DO_NOT_MIGRATE"
"COA-0001","Prothrombin Time (PT)","CRITICAL_PANIC_VALUE_GOVERNANCE","11.0 - 14.0 seconds | Reagent-dependent lot baseline (MNPT typically 11.5–13.0s)","Low: — | High: 30.0","Medical Director sign-off on panic notification thresholds","HOLD_DO_NOT_MIGRATE"
"COA-0002","International Normalized Ratio (INR)","CRITICAL_PANIC_VALUE_GOVERNANCE","0.85 - 1.15 ratio | Therapeutic target: DVT/PE/AF: 2.0–3.0; Mechanical Mitral Valve: 2.5–3.5","Low: — | High: 4.5","Medical Director sign-off on panic notification thresholds","HOLD_DO_NOT_MIGRATE"
"COA-0003","Activated Partial Thromboplastin Time (APTT)","CRITICAL_PANIC_VALUE_GOVERNANCE","26.0 - 38.0 seconds | Therapeutic Heparin target: 1.5–2.5 x baseline mean (typically 60–85s)","Low: — | High: 70.0","Medical Director sign-off on panic notification thresholds","HOLD_DO_NOT_MIGRATE"
"COA-0004","Fibrinogen (Clauss Method)","CRITICAL_PANIC_VALUE_GOVERNANCE","200 - 400 mg/dL | <150: Hypofibrinogenemia / Consumption (DIC); <100: Severe bleeding risk","Low: 100 | High: —","Medical Director sign-off on panic notification thresholds","HOLD_DO_NOT_MIGRATE"
"SER-0008","Syphilis (VDRL / RPR)","GENERAL_CLINICAL_VALIDATION"," -  Titer | Non-reactive at 1:1; Reactive requires quantitative titer reporting (e.g., 1:2, 1:4, 1:8, 1:16, 1:32)","None","Medical Director sign-off on panic notification thresholds","HOLD_DO_NOT_MIGRATE"