"Source #2 #","Category","Source #2 Name","External Reference Price","Supplied Specimen","Supplied Volume/Schedule/Method","Evidence Field","Existing 256 Match","Existing Production Match","Canonical Proposed Identity","Relationship","Workflow Boundary","Conflict","Price Authority"
"1","Biochemistry & Clinical Chemistry","Blood Sugar Fasting","100","Serum","1 ml","SampleVolume","Fasting Blood Sugar","FBS — Fasting Blood Sugar (FBS) [Active/Routine; clinical=false]","FBS — Fasting Blood Sugar (FBS)","Existing256Match","Routine LIS / Clinical Biochemistry","","ExternalReferencePrice"
"2","Biochemistry & Clinical Chemistry","Blood Sugar PP","100","Serum","1 ml","SampleVolume","Blood Sugar PP","PPBS — Post Prandial Blood Sugar (PPBS) [Active/Routine; clinical=false]","PPBS — Post Prandial Blood Sugar (PPBS)","Existing256Match","Routine LIS / Clinical Biochemistry","","ExternalReferencePrice"
"3","Biochemistry & Clinical Chemistry","Blood Sugar Random","100","Serum","1 ml","SampleVolume","Random Blood Sugar","RBS — Random Blood Sugar (RBS) [Active/Routine; clinical=false]","RBS — Random Blood Sugar (RBS)","Existing256Match","Routine LIS / Clinical Biochemistry","","ExternalReferencePrice"
"4","Biochemistry & Clinical Chemistry","Cholesterol-Total","300","Fasting Serum","1 ml","SampleVolume","Total Cholesterol","CHOL_TOTAL — Total Cholesterol [Draft/NoClinicalReport; clinical=false]","CHOL_TOTAL — Total Cholesterol","Existing256Match","Routine LIS / Clinical Biochemistry","","ExternalReferencePrice"
"5","Biochemistry & Clinical Chemistry","Cholesterol HDL","350","Fasting Serum","1 ml","SampleVolume","HDL Cholesterol","HDL_CHOL — HDL Cholesterol [Draft/NoClinicalReport; clinical=false]","HDL_CHOL — HDL Cholesterol","Existing256Match","Routine LIS / Clinical Biochemistry","","ExternalReferencePrice"
"6","Biochemistry & Clinical Chemistry","Cholesterol-LDL","350","Fasting Serum","1 ml","SampleVolume","LDL Cholesterol","LDL_CHOL — LDL Cholesterol [Draft/NoClinicalReport; clinical=false]","LDL_CHOL — LDL Cholesterol","Existing256Match","Routine LIS / Clinical Biochemistry","","ExternalReferencePrice"
"7","Biochemistry & Clinical Chemistry","Triglycerides","300","Serum","2 ml","SampleVolume","Triglycerides","TRIGLYCERIDES — Triglycerides [Draft/NoClinicalReport; clinical=false]","TRIGLYCERIDES — Triglycerides","Existing256Match","Routine LIS / Clinical Biochemistry","","ExternalReferencePrice"
"8","Biochemistry & Clinical Chemistry","Uric Acid Serum","300","Serum","2 ml","SampleVolume","Serum Uric Acid","URIC_ACID — Serum Uric Acid [Active/Routine; clinical=false]","URIC_ACID — Serum Uric Acid","Existing256Match","Routine LIS / Clinical Biochemistry","","ExternalReferencePrice"
"9","Biochemistry & Clinical Chemistry","Creatinine Serum","300","Serum","1 ml","SampleVolume","Serum Creatinine","CREATININE — Serum Creatinine [Active/Routine; clinical=false]","CREATININE — Serum Creatinine","Existing256Match","Routine LIS / Clinical Biochemistry","","ExternalReferencePrice"
"10","Biochemistry & Clinical Chemistry","Urea Serum","300","Serum","2 ml","SampleVolume","Serum Urea","UREA — Blood Urea [Active/Routine; clinical=false]","UREA — Blood Urea","Existing256Match","Routine LIS / Clinical Biochemistry","","ExternalReferencePrice"
"11","Biochemistry & Clinical Chemistry","Bilirubin (Total/Direct)","300","Serum","1 ml","SampleVolume","","","BILIRUBIN_TOTAL_DIRECT — Bilirubin (Total/Direct)","AdditionalCandidate","Routine LIS / Clinical Biochemistry","","ExternalReferencePrice"
"12","Biochemistry & Clinical Chemistry","SGOT/AST","250","Serum","2 ml","SampleVolume","SGOT (AST)","AST — AST / SGOT [Draft/NoClinicalReport; clinical=false]","AST — AST / SGOT","Existing256Match","Routine LIS / Clinical Biochemistry","","ExternalReferencePrice"
"13","Biochemistry & Clinical Chemistry","SGPT/ALT","250","Serum","2 ml","SampleVolume","SGPT (ALT)","ALT — ALT / SGPT [Draft/NoClinicalReport; clinical=false]","ALT — ALT / SGPT","Existing256Match","Routine LIS / Clinical Biochemistry","","ExternalReferencePrice"
"14","Biochemistry & Clinical Chemistry","ALP (Alkaline Phosphatase)","300","Serum","1 ml","SampleVolume","Serum Alkaline Phosphatase","ALP — Alkaline Phosphatase [Draft/NoClinicalReport; clinical=false]","ALP — Alkaline Phosphatase","Existing256Match","Routine LIS / Clinical Biochemistry","","ExternalReferencePrice"
"15","Biochemistry & Clinical Chemistry","Kidney Function Test","1000","Serum","2 ml","SampleVolume","Hemoglobin","HB — Hemoglobin (Hb) [Active/Routine; clinical=false]","HB — Hemoglobin","AdditionalCandidate","Routine LIS / Clinical Biochemistry","Semantic match requires operator confirmation","ExternalReferencePrice"
"16","Biochemistry & Clinical Chemistry","Liver Function Test","1200","Serum","2 ml","SampleVolume","Hemoglobin","HB — Hemoglobin (Hb) [Active/Routine; clinical=false]","HB — Hemoglobin","AdditionalCandidate","Routine LIS / Clinical Biochemistry","Semantic match requires operator confirmation","ExternalReferencePrice"
"17","Biochemistry & Clinical Chemistry","Lipid Profile","1000","Serum","2 ml","SampleVolume","Hemoglobin","HB — Hemoglobin (Hb) [Active/Routine; clinical=false]","HB — Hemoglobin","AdditionalCandidate","Routine LIS / Clinical Biochemistry","Semantic match requires operator confirmation","ExternalReferencePrice"
"18","Biochemistry & Clinical Chemistry","Electrolytes (Na+/K+)","400","Serum","2 ml","SampleVolume","","","ELECTROLYTES_NA_K — Electrolytes (Na+/K+)","AdditionalCandidate","Routine LIS / Clinical Biochemistry","","ExternalReferencePrice"
"19","Biochemistry & Clinical Chemistry","Sodium","300","Serum/Body Fluid","5 ml","SampleVolume","Serum Sodium","SODIUM — Serum Sodium (Na+) [Active/Routine; clinical=false]","SODIUM — Serum Sodium (Na+)","Existing256Match","Routine LIS / Clinical Biochemistry","","ExternalReferencePrice"
"20","Biochemistry & Clinical Chemistry","Potassium","300","Serum/Body Fluid","5 ml","SampleVolume","Serum Potassium","POTASSIUM — Serum Potassium (K+) [Active/Routine; clinical=false]","POTASSIUM — Serum Potassium (K+)","Existing256Match","Routine LIS / Clinical Biochemistry","","ExternalReferencePrice"
"21","Biochemistry & Clinical Chemistry","Chloride","600","Serum/Body Fluid","1 ml","SampleVolume","Serum Chloride","CHLORIDE — Serum Chloride (Cl-) [Active/Routine; clinical=false]","CHLORIDE — Serum Chloride (Cl-)","Existing256Match","Routine LIS / Clinical Biochemistry","","ExternalReferencePrice"
"22","Biochemistry & Clinical Chemistry","Calcium Serum","500","Serum","1 ml","SampleVolume","Serum Calcium","CALCIUM — Serum Calcium (Total) [Active/Routine; clinical=false]","CALCIUM — Serum Calcium (Total)","Existing256Match","Routine LIS / Clinical Biochemistry","","ExternalReferencePrice"
"23","Biochemistry & Clinical Chemistry","Phosphorus Serum","500","Serum","2 ml","SampleVolume","Serum Phosphorus","PHOSPHORUS — Serum Phosphorus (Inorganic) [Active/Routine; clinical=false]","PHOSPHORUS — Serum Phosphorus (Inorganic)","Existing256Match","Routine LIS / Clinical Biochemistry","","ExternalReferencePrice"
"24","Biochemistry & Clinical Chemistry","Magnesium","600","Serum/24hr Urine","2 ml","SampleVolume","Magnesium","MAGNESIUM — Serum Magnesium [Active/Routine; clinical=false]","MAGNESIUM — Serum Magnesium","Existing256Match","Routine LIS / Clinical Biochemistry","","ExternalReferencePrice"
"25","Biochemistry & Clinical Chemistry","Iron","1000","Serum","2 ml","SampleVolume","Iron","IRON — Serum Iron [Active/Routine; clinical=false]","IRON — Serum Iron","Existing256Match","Routine LIS / Clinical Biochemistry","","ExternalReferencePrice"
"26","Biochemistry & Clinical Chemistry","Iron Profile","3500","Serum","2 ml","SampleVolume","","","IRON_PROFILE — Iron Profile","ProfileCandidate","Routine LIS / Clinical Biochemistry","","ExternalReferencePrice"
"27","Biochemistry & Clinical Chemistry","TIBC","850","Serum","2 ml","SampleVolume","","","TIBC — TIBC","AdditionalCandidate","Routine LIS / Clinical Biochemistry","","ExternalReferencePrice"
"28","Biochemistry & Clinical Chemistry","Transferrin","2200","Serum","2 ml","SampleVolume","","","TRANSFERRIN — Transferrin","AdditionalCandidate","Routine LIS / Clinical Biochemistry","","ExternalReferencePrice"
"29","Biochemistry & Clinical Chemistry","Fructosamine","2500","Serum","2 ml","SampleVolume","","","FRUCTOSAMINE — Fructosamine","AdditionalCandidate","Routine LIS / Clinical Biochemistry","","ExternalReferencePrice"
"30","Biochemistry & Clinical Chemistry","LDH","800","Body Fluid/Serum","2 ml","SampleVolume","Serum LDH","LDH — Lactate Dehydrogenase (LDH) [Draft/NoClinicalReport; clinical=false]","LDH — Lactate Dehydrogenase (LDH)","Existing256Match","Routine LIS / Clinical Biochemistry","","ExternalReferencePrice"
"31","Biochemistry & Clinical Chemistry","Lipase","1000","Serum/Body Fluid","2 ml","SampleVolume","Lipase","LIPASE — Lipase [Draft/NoClinicalReport; clinical=false]","LIPASE — Lipase","Existing256Match","Routine LIS / Clinical Biochemistry","","ExternalReferencePrice"
"32","Biochemistry & Clinical Chemistry","Amylase","800","Serum/Body Fluid","1 ml","SampleVolume","Serum Amylase","AMYLASE — Amylase [Draft/NoClinicalReport; clinical=false]","AMYLASE — Amylase","Existing256Match","Routine LIS / Clinical Biochemistry","","ExternalReferencePrice"
"33","Biochemistry & Clinical Chemistry","GGT (Gamma GT)","800","Serum","2 ml","SampleVolume","","","GGT_GAMMA_GT — GGT (Gamma GT)","AdditionalCandidate","Routine LIS / Clinical Biochemistry","","ExternalReferencePrice"
"34","Biochemistry & Clinical Chemistry","CK (CPK)","700","Serum","1 ml","SampleVolume","","","CK_CPK — CK (CPK)","AdditionalCandidate","Routine LIS / Clinical Biochemistry","","ExternalReferencePrice"
"35","Biochemistry & Clinical Chemistry","CK-MB (CPK-MB)","2000","Serum","1 ml","SampleVolume","","","CK_MB_CPK_MB — CK-MB (CPK-MB)","AdditionalCandidate","Routine LIS / Clinical Biochemistry","","ExternalReferencePrice"
"36","Biochemistry & Clinical Chemistry","Bicarbonate","1600","Serum","1 ml","SampleVolume","","","BICARBONATE — Bicarbonate","AdditionalCandidate","Routine LIS / Clinical Biochemistry","","ExternalReferencePrice"
"37","Biochemistry & Clinical Chemistry","Globulin","600","Serum","2 ml","SampleVolume","Globulin","GLOBULIN — Globulin [Draft/NoClinicalReport; clinical=false]","GLOBULIN — Globulin","Existing256Match","Routine LIS / Clinical Biochemistry","","ExternalReferencePrice"
"38","Biochemistry & Clinical Chemistry","GFR (eGFR)","650","Serum","2 ml","SampleVolume","","","GFR_EGFR — GFR (eGFR)","AdditionalCandidate","Routine LIS / Clinical Biochemistry","","ExternalReferencePrice"
"39","Biochemistry & Clinical Chemistry","Cholinesterase Level","2500","Serum","2 ml","SampleVolume","","","CHOLINESTERASE_LEVEL — Cholinesterase Level","AdditionalCandidate","Routine LIS / Clinical Biochemistry","","ExternalReferencePrice"
"40","Hematology","CBC (Complete Haemogram)","700","EDTA Blood","3 ml","SampleVolume","Hemoglobin","HB — Hemoglobin (Hb) [Active/Routine; clinical=false]","HB — Hemoglobin","AdditionalCandidate","Routine LIS / Hematology","Semantic match requires operator confirmation","ExternalReferencePrice"
"41","Hematology","ESR","100","Whole Blood EDTA","3 ml","SampleVolume","","","ESR — ESR","AdditionalCandidate","Routine LIS / Hematology","","ExternalReferencePrice"
"42","Hematology","Blood Grouping and Rh Typing","150","EDTA Blood","3 ml","SampleVolume","","","BLOOD_GROUPING_AND_RH_TYPING — Blood Grouping and Rh Typing","AdditionalCandidate","Routine LIS / Hematology","","ExternalReferencePrice"
"43","Hematology","HbA1c","1000","Whole Blood EDTA","3 ml","SampleVolume","","","HBA1C — HbA1c","AdditionalCandidate","Routine LIS / Hematology","","ExternalReferencePrice"
"44","Hematology","Haemoglobin","200","Whole Blood EDTA","3 ml","SampleVolume","Hemoglobin","HB — Hemoglobin (Hb) [Active/Routine; clinical=false]","HB — Hemoglobin","Existing256Match","Routine LIS / Hematology","","ExternalReferencePrice"
"45","Hematology","PCV","300","Whole Blood EDTA","3 ml","SampleVolume","Hemoglobin","HB — Hemoglobin (Hb) [Active/Routine; clinical=false]","HB — Hemoglobin","AdditionalCandidate","Routine LIS / Hematology","Semantic match requires operator confirmation","ExternalReferencePrice"
"46","Hematology","Platelets Count","300","Whole Blood EDTA","3 ml","SampleVolume","Platelet Count","PLT — Platelet Count [Active/Routine; clinical=false]","PLT — Platelet Count","Existing256Match","Routine LIS / Hematology","","ExternalReferencePrice"
"47","Hematology","TLC","300","Whole Blood EDTA","3 ml","SampleVolume","Total Leukocyte Count","TLC — Total Leukocyte Count (TLC / WBC) [Active/Routine; clinical=false]","TLC — Total Leukocyte Count","Existing256Match","Routine LIS / Hematology","","ExternalReferencePrice"
"48","Hematology","DLC","350","Whole Blood EDTA","3 ml","SampleVolume","Differential Leucocyte Count","DLC — Differential Leukocyte Count (DLC) [Active/Routine; clinical=false]","DLC — Differential Leukocyte Count","Existing256Match","Routine LIS / Hematology","","ExternalReferencePrice"
"49","Hematology","MCV","300","Whole Blood EDTA","3 ml","SampleVolume","Mean Corpuscular Volume, MCV","CBC.MCV — Mean Corpuscular Volume (MCV)","MCV standalone identity","Existing256Match","Routine LIS / Hematology","","ExternalReferencePrice"
"50","Hematology","MCH","300","Whole Blood EDTA","3 ml","SampleVolume","Mean Cell Haemoglobin, MCH","CBC.MCH — Mean Corpuscular Hemoglobin (MCH)","MCH standalone identity","Existing256Match","Routine LIS / Hematology","","ExternalReferencePrice"
"51","Hematology","MCHC","300","Whole Blood EDTA","3 ml","SampleVolume","Mean Cell Haemoglobin CON, MCHC","CBC.MCHC — Mean Corpuscular Hb Conc (MCHC)","MCHC standalone identity","Existing256Match","Routine LIS / Hematology","","ExternalReferencePrice"
"52","Hematology","RDW","300","Whole Blood EDTA","3 ml","SampleVolume","","","RDW — RDW","AdditionalCandidate","Routine LIS / Hematology","","ExternalReferencePrice"
"53","Hematology","MPV","300","Whole Blood EDTA","3 ml","SampleVolume","Mean Platelet Volume, MPV","","Mean Platelet Volume, MPV","Existing256Match","Routine LIS / Hematology","","ExternalReferencePrice"
"54","Hematology","RBC Count","300","Whole Blood EDTA","3 ml","SampleVolume","","","RBC — RBC Count","AdditionalCandidate","Routine LIS / Hematology","","ExternalReferencePrice"
"55","Hematology","ESR","100","Whole Blood EDTA","3 ml","SampleVolume","","","ESR — ESR","AdditionalCandidate","Routine LIS / Hematology","","ExternalReferencePrice"
"56","Hematology","PT (Prothrombin Time)","500","Citrated Plasma","3 ml","SampleVolume","Prothrombin time, PT/INR","PT_INR — Prothrombin Time / International Normalized Ratio (PT / INR) [Draft/NoClinicalReport; clinical=false]","PT_INR — PT/INR (blocked pending authoritative configuration)","Existing256Match","Routine LIS / Hematology","Semantic match requires operator confirmation","ExternalReferencePrice"
"57","Hematology","APTT","600","Citrated Plasma","3 ml","SampleVolume","Activated partial thromboplastin time, APTT","","APTT — Activated Partial Thromboplastin Time","Existing256Match","Routine LIS / Hematology","","ExternalReferencePrice"
"58","Hematology","D-Dimer","2000","Citrated Plasma","1 ml","SampleVolume","D-Dimer","","D-Dimer","Existing256Match","Routine LIS / Hematology","","ExternalReferencePrice"
"59","Hematology","Fibrinogen Level","2500","Citrated Plasma","3 ml","SampleVolume","","","FIBRINOGEN_LEVEL — Fibrinogen Level","AdditionalCandidate","Routine LIS / Hematology","","ExternalReferencePrice"
"60","Hematology","FDP","3000","Citrated Plasma","3 ml","SampleVolume","","","FDP — FDP","AdditionalCandidate","Routine LIS / Hematology","","ExternalReferencePrice"
"61","Hematology","BT & CT","400","Walk to Lab","-","SampleVolume","","","BT_CT — BT & CT","AdditionalCandidate","Routine LIS / Hematology","","ExternalReferencePrice"
"62","Hematology","Bleeding Time (BT)","200","Walk to Lab","-","SampleVolume","","","BLEEDING_TIME_BT — Bleeding Time (BT)","AdditionalCandidate","Routine LIS / Hematology","","ExternalReferencePrice"
"63","Hematology","Clotting Time (CT)","200","Walk to Lab","-","SampleVolume","","","CLOTTING_TIME_CT — Clotting Time (CT)","AdditionalCandidate","Routine LIS / Hematology","","ExternalReferencePrice"
"64","Hematology","G6PD","2500","Whole Blood EDTA","3 ml","SampleVolume","Glucose-6-phosphate dehydrogenase","","Glucose-6-phosphate dehydrogenase","Existing256Match","Routine LIS / Hematology","","ExternalReferencePrice"
"65","Hematology","Sickle Cell Test","1000","Whole Blood EDTA","3 ml","SampleVolume","","","SICKLE_CELL — Sickle Cell Test","AdditionalCandidate","Routine LIS / Hematology","","ExternalReferencePrice"
"66","Hematology","Reticulocyte Count","600","Whole Blood EDTA","3 ml","SampleVolume","Reticulocyte Count","RETIC_COUNT — Reticulocyte Count [Draft/NoClinicalReport; clinical=false]","RETIC_COUNT — Reticulocyte Count","Existing256Match","Routine LIS / Hematology","","ExternalReferencePrice"
"67","Hematology","Haptoglobin","3300","Serum","2 ml","SampleVolume","","","HAPTOGLOBIN — Haptoglobin","AdditionalCandidate","Routine LIS / Hematology","","ExternalReferencePrice"
"68","Hematology","Haemoglobin HPLC/Electrophoresis","2500","Whole Blood EDTA","3 ml","SampleVolume","HEMOGLOBIN HPLC/ELECTROPHORESIS","","HEMOGLOBIN HPLC/ELECTROPHORESIS","MethodOrAssayVariantReview","Routine LIS / Hematology","Method/assay identity versus configuration decision required","ExternalReferencePrice"
"69","Hematology","Peripheral Blood Smear (PBS)","700","Whole Blood EDTA","3 ml","SampleVolume","Peripheral Blood Smear","PBS — Peripheral Blood Smear Examination (PBS) [Active/Routine; clinical=true]","PBS — Peripheral Blood Smear Examination (PBS)","Existing256Match","Routine LIS / Hematology","Semantic match requires operator confirmation","ExternalReferencePrice"
"70","Hematology","Absolute Eosinophil Count","400","Whole Blood EDTA","3 ml","SampleVolume","Absolute Eosinophil Count","AEC — Absolute Eosinophil Count [Draft/NoClinicalReport; clinical=false]","AEC — Absolute Eosinophil Count","Existing256Match","Routine LIS / Hematology","","ExternalReferencePrice"
"71","Hematology","Absolute Neutrophil Count","400","Whole Blood EDTA","3 ml","SampleVolume","","","ABSOLUTE_NEUTROPHIL — Absolute Neutrophil Count","AdditionalCandidate","Routine LIS / Hematology","","ExternalReferencePrice"
"72","Hematology","Absolute Lymphocyte Count","400","Whole Blood EDTA","3 ml","SampleVolume","","","ABSOLUTE_LYMPHOCYTE — Absolute Lymphocyte Count","AdditionalCandidate","Routine LIS / Hematology","","ExternalReferencePrice"
"73","Hematology","Absolute Basophil Count","400","Whole Blood EDTA","3 ml","SampleVolume","","","ABSOLUTE_BASOPHIL — Absolute Basophil Count","AdditionalCandidate","Routine LIS / Hematology","","ExternalReferencePrice"
"74","Hematology","Bone Marrow Karyotyping","5000","Bone Marrow","3 ml","SampleVolume","","","BONE_MARROW_KARYOTYPING — Bone Marrow Karyotyping","SpecialistNewCandidate","Routine LIS / Hematology","","ExternalReferencePrice"
"75","Hormones & Endocrinology","Thyroid Function Test (FT3,FT4,TSH)","1100","Serum","2 ml","SampleVolume","","","THYROID_FUNCTION_FT3_FT4_TSH — Thyroid Function Test (FT3,FT4,TSH)","ProfileCandidate","Routine LIS / Endocrinology","","ExternalReferencePrice"
"76","Hormones & Endocrinology","TFT Total (T3,T4,TSH)","1100","Serum","2 ml","SampleVolume","","","TFT_TOTAL_T3_T4_TSH — TFT Total (T3,T4,TSH)","AdditionalCandidate","Routine LIS / Endocrinology","","ExternalReferencePrice"
"77","Hormones & Endocrinology","TSH","600","Serum","2 ml","SampleVolume","Thyroid-Stimulating Hormone, TSH","TSH — Thyroid Stimulating Hormone (TSH, Ultrasensitive) [Active/Routine; clinical=false]","TSH — Thyroid Stimulating Hormone (TSH, Ultrasensitive)","Existing256Match","Routine LIS / Endocrinology","","ExternalReferencePrice"
"78","Hormones & Endocrinology","Free T3","500","Serum","2 ml","SampleVolume","Free Triiodothyronine l, FT3","FT3 — Free Triiodothyronine (FT3) [Active/Routine; clinical=false]","FT3 — Free Triiodothyronine (FT3)","Existing256Match","Routine LIS / Endocrinology","","ExternalReferencePrice"
"79","Hormones & Endocrinology","Free T4","500","Serum","2 ml","SampleVolume","Free Thyroxine, FT4","FT4 — Free Thyroxine (FT4) [Active/Routine; clinical=false]","FT4 — Free Thyroxine (FT4)","Existing256Match","Routine LIS / Endocrinology","","ExternalReferencePrice"
"80","Hormones & Endocrinology","Testosterone (Total)","1600","Serum","1 ml","SampleVolume","Testosterone Total","","Testosterone Total","Existing256Match","Routine LIS / Endocrinology","","ExternalReferencePrice"
"81","Hormones & Endocrinology","Testosterone (Free)","2500","Serum","1 ml","SampleVolume","Testosterone Free","","Testosterone Free","Existing256Match","Routine LIS / Endocrinology","","ExternalReferencePrice"
"82","Hormones & Endocrinology","DHT","6000","Serum","2 ml","SampleVolume","","","DHT — DHT","AdditionalCandidate","Routine LIS / Endocrinology","","ExternalReferencePrice"
"83","Hormones & Endocrinology","DHEAS","2500","Serum","3 ml","SampleVolume","","","DHEAS — DHEAS","AdditionalCandidate","Routine LIS / Endocrinology","","ExternalReferencePrice"
"84","Hormones & Endocrinology","Prolactin","1600","Serum","2 ml","SampleVolume","Prolactin","","Prolactin","Existing256Match","Routine LIS / Endocrinology","","ExternalReferencePrice"
"85","Hormones & Endocrinology","LH","1600","Serum","2 ml","SampleVolume","Luteinising Hormone, LH","","Luteinising Hormone, LH","Existing256Match","Routine LIS / Endocrinology","","ExternalReferencePrice"
"86","Hormones & Endocrinology","FSH","1600","Serum","2 ml","SampleVolume","Follicle Stimulating Hormone, FSH","","Follicle Stimulating Hormone, FSH","Existing256Match","Routine LIS / Endocrinology","","ExternalReferencePrice"
"87","Hormones & Endocrinology","Estradiol (E2)","1600","Serum","2 ml","SampleVolume","","","ESTRADIOL_E2 — Estradiol (E2)","AdditionalCandidate","Routine LIS / Endocrinology","","ExternalReferencePrice"
"88","Hormones & Endocrinology","Progesterone","1600","Serum","2 ml","SampleVolume","Progesterone","","Progesterone","Existing256Match","Routine LIS / Endocrinology","","ExternalReferencePrice"
"89","Hormones & Endocrinology","AMH","4000","Serum","1 ml","SampleVolume","ANTI MULLERIAN HORMONE","","ANTI MULLERIAN HORMONE","Existing256Match","Routine LIS / Endocrinology","","ExternalReferencePrice"
"90","Hormones & Endocrinology","Inhibin A","3500","Serum","2 ml","SampleVolume","","","INHIBIN_A — Inhibin A","AdditionalCandidate","Routine LIS / Endocrinology","","ExternalReferencePrice"
"91","Hormones & Endocrinology","Inhibin B","4000","Serum","2 ml","SampleVolume","","","INHIBIN_B — Inhibin B","AdditionalCandidate","Routine LIS / Endocrinology","","ExternalReferencePrice"
"92","Hormones & Endocrinology","Insulin","1650","Serum","2 ml","SampleVolume","","","INSULIN — Insulin","AdditionalCandidate","Routine LIS / Endocrinology","","ExternalReferencePrice"
"93","Hormones & Endocrinology","C-Peptide","2000","Serum","1 ml","SampleVolume","","","C_PEPTIDE — C-Peptide","AdditionalCandidate","Routine LIS / Endocrinology","","ExternalReferencePrice"
"94","Hormones & Endocrinology","Growth Hormone (GH)","2500","Serum","1 ml","SampleVolume","","","GROWTH_HORMONE_GH — Growth Hormone (GH)","AdditionalCandidate","Routine LIS / Endocrinology","","ExternalReferencePrice"
"95","Hormones & Endocrinology","IGF-1","5000","Serum","2 ml","SampleVolume","","","IGF_1 — IGF-1","AdditionalCandidate","Routine LIS / Endocrinology","","ExternalReferencePrice"
"96","Hormones & Endocrinology","PTH (Intact)","3200","Serum","2 ml","SampleVolume","","","PTH_INTACT — PTH (Intact)","AdditionalCandidate","Routine LIS / Endocrinology","","ExternalReferencePrice"
"97","Hormones & Endocrinology","Calcitonin","5000","Serum","1 ml","SampleVolume","Calcitonin","","Calcitonin","Existing256Match","Routine LIS / Endocrinology","","ExternalReferencePrice"
"98","Hormones & Endocrinology","Aldosterone Serum","5000","Serum","2 ml","SampleVolume","","","ALDOSTERONE — Aldosterone Serum","AdditionalCandidate","Routine LIS / Endocrinology","","ExternalReferencePrice"
"99","Hormones & Endocrinology","Cortisol Serum","1800","Serum","1 ml","SampleVolume","Serum Cortisol","","Serum Cortisol","Existing256Match","Routine LIS / Endocrinology","","ExternalReferencePrice"
"100","Hormones & Endocrinology","ACTH","3000","EDTA Plasma","2 ml","SampleVolume","","","ACTH — ACTH","AdditionalCandidate","Routine LIS / Endocrinology","","ExternalReferencePrice"
"101","Hormones & Endocrinology","Renin Activity","10500","EDTA Plasma","2 ml","SampleVolume","","","RENIN_ACTIVITY — Renin Activity","AdditionalCandidate","Routine LIS / Endocrinology","","ExternalReferencePrice"
"102","Hormones & Endocrinology","SHBG","5200","Serum","2 ml","SampleVolume","","","SHBG — SHBG","AdditionalCandidate","Routine LIS / Endocrinology","","ExternalReferencePrice"
"103","Hormones & Endocrinology","HCG (Total)","1500","Serum","1 ml","SampleVolume","","","HCG_TOTAL — HCG (Total)","AdditionalCandidate","Routine LIS / Endocrinology","","ExternalReferencePrice"
"104","Hormones & Endocrinology","Free Beta HCG","2000","Serum","2 ml","SampleVolume","","","FREE_BETA_HCG — Free Beta HCG","AdditionalCandidate","Routine LIS / Endocrinology","","ExternalReferencePrice"
"105","Hormones & Endocrinology","Thyroid Autoantibodies (Anti-TPO, Anti-TG)","2000/3000","Serum","1 ml","SampleVolume","","","THYROID_AUTOANTIBODIES_ANTI_TPO_ANTI_TG — Thyroid Autoantibodies (Anti-TPO, Anti-TG)","ProfileCandidate","Routine LIS / Endocrinology","","ExternalReferencePrice"
"106","Hormones & Endocrinology","TSH Receptor Antibody","5500","Serum","1 ml","SampleVolume","","","TSH_RECEPTOR_ANTIBODY — TSH Receptor Antibody","AdditionalCandidate","Routine LIS / Endocrinology","","ExternalReferencePrice"
"107","Serology & Immunology","ANA","1500","Serum","1 ml","SampleVolume","","","ANA — ANA","AdditionalCandidate","Routine LIS / Serology-Immunology","","ExternalReferencePrice"
"108","Serology & Immunology","ANA by IFA","2200","Serum","2 ml","SampleVolume","","","ANA_BY_IFA — ANA by IFA","AdditionalCandidate","Routine LIS / Serology-Immunology","Method/assay identity versus configuration decision required","ExternalReferencePrice"
"109","Serology & Immunology","ANA Profile (18 Parameter)","6500","Serum","1 ml","SampleVolume","","","ANA_PROFILE_18_PARAMETER — ANA Profile (18 Parameter)","ProfileCandidate","Routine LIS / Serology-Immunology","","ExternalReferencePrice"
"110","Serology & Immunology","ANA Profile (25 Parameter)","8500","Serum","1 ml","SampleVolume","","","ANA_PROFILE_25_PARAMETER — ANA Profile (25 Parameter)","ProfileCandidate","Routine LIS / Serology-Immunology","","ExternalReferencePrice"
"111","Serology & Immunology","ANCA","3500","Serum","1 ml","SampleVolume","","","ANCA — ANCA","AdditionalCandidate","Routine LIS / Serology-Immunology","","ExternalReferencePrice"
"112","Serology & Immunology","Anti-CCP","2500","Serum","1 ml","SampleVolume","","","ANTI_CCP — Anti-CCP","AdditionalCandidate","Routine LIS / Serology-Immunology","","ExternalReferencePrice"
"113","Serology & Immunology","Anti-DsDNA","1800","Serum","2 ml","SampleVolume","","","ANTI_DSDNA — Anti-DsDNA","AdditionalCandidate","Routine LIS / Serology-Immunology","","ExternalReferencePrice"
"114","Serology & Immunology","Anti-Cardiolipin IgG/IgM","1800","Serum","1 ml","SampleVolume","Anti Cardiolipin IgG","","Anti Cardiolipin IgG","MethodOrAssayVariantReview","Routine LIS / Serology-Immunology","Method/assay identity versus configuration decision required","ExternalReferencePrice"
"115","Serology & Immunology","Anti-Phospholipid IgG/IgM","2000","Serum","1 ml","SampleVolume","Anti Phospholipid IgG","","Anti Phospholipid IgG","MethodOrAssayVariantReview","Routine LIS / Serology-Immunology","Method/assay identity versus configuration decision required","ExternalReferencePrice"
"116","Serology & Immunology","APLA Profile (Basic)","8500","Serum","3 ml","SampleVolume","","","APLA_PROFILE_BASIC — APLA Profile (Basic)","ProfileCandidate","Routine LIS / Serology-Immunology","","ExternalReferencePrice"
"117","Serology & Immunology","APLA Profile (Advanced)","10500","Serum/Citrated Plasma","3 ml","SampleVolume","","","APLA_PROFILE_ADVANCED — APLA Profile (Advanced)","ProfileCandidate","Routine LIS / Serology-Immunology","","ExternalReferencePrice"
"118","Serology & Immunology","Rheumatoid Factor (Quant)","900","Serum","2 ml","SampleVolume","","","RHEUMATOID_FACTOR_QUANT — Rheumatoid Factor (Quant)","AdditionalCandidate","Routine LIS / Serology-Immunology","","ExternalReferencePrice"
"119","Serology & Immunology","Rheumatoid Factor Test","350","Serum","2 ml","SampleVolume","","","RHEUMATOID_FACTOR — Rheumatoid Factor Test","AdditionalCandidate","Routine LIS / Serology-Immunology","","ExternalReferencePrice"
"120","Serology & Immunology","ASO (Quantitative)","1000","Serum","2 ml","SampleVolume","","","ASO_QUANTITATIVE — ASO (Quantitative)","AdditionalCandidate","Routine LIS / Serology-Immunology","","ExternalReferencePrice"
"121","Serology & Immunology","ASO Test","300","Serum","2 ml","SampleVolume","","","ASO — ASO Test","AdditionalCandidate","Routine LIS / Serology-Immunology","","ExternalReferencePrice"
"122","Serology & Immunology","CRP (Quant)","900","Serum","1 ml","SampleVolume","","","CRP_QUANT — CRP (Quant)","AdditionalCandidate","Routine LIS / Serology-Immunology","","ExternalReferencePrice"
"123","Serology & Immunology","CRP Test","350","Serum","1 ml","SampleVolume","","","CRP — CRP Test","AdditionalCandidate","Routine LIS / Serology-Immunology","","ExternalReferencePrice"
"124","Serology & Immunology","hs-CRP","1300","Serum","2 ml","SampleVolume","","","HS_CRP — hs-CRP","AdditionalCandidate","Routine LIS / Serology-Immunology","","ExternalReferencePrice"
"125","Serology & Immunology","Ferritin","1600","Serum","2 ml","SampleVolume","Ferritin","FERRITIN — Serum Ferritin [Active/Routine; clinical=false]","FERRITIN — Serum Ferritin","Existing256Match","Routine LIS / Serology-Immunology","","ExternalReferencePrice"
"126","Serology & Immunology","B12 (Vitamin)","1600","Serum","2 ml","SampleVolume","Vitamin B12","VITAMIN_B12 — Vitamin B12 (Cyanocobalamin) [Active/Routine; clinical=false]","VITAMIN_B12 — Vitamin B12 (Cyanocobalamin)","Existing256Match","Routine LIS / Serology-Immunology","","ExternalReferencePrice"
"127","Serology & Immunology","Folic Acid","2000","Serum","2 ml","SampleVolume","Folic Acid","","Folic Acid","Existing256Match","Routine LIS / Serology-Immunology","","ExternalReferencePrice"
"128","Serology & Immunology","Vitamin D (25-Hydroxy)","2800","Serum","2 ml","SampleVolume","25 Hydroxy (OH) Vitamin D","VITAMIN_D — 25-Hydroxy Vitamin D (Total) [Active/Routine; clinical=false]","VITAMIN_D — 25-Hydroxy Vitamin D (Total)","Existing256Match","Routine LIS / Serology-Immunology","Semantic match requires operator confirmation","ExternalReferencePrice"
"129","Serology & Immunology","Vitamin D3 (1,25-Dihydroxy)","6500","Serum","1 ml","SampleVolume","","","VITAMIN_D3_1_25_DIHYDROXY — Vitamin D3 (1,25-Dihydroxy)","AdditionalCandidate","Routine LIS / Serology-Immunology","","ExternalReferencePrice"
"130","Serology & Immunology","Ceruloplasmin","2500","Serum","1 ml","SampleVolume","","","CERULOPLASMIN — Ceruloplasmin","AdditionalCandidate","Routine LIS / Serology-Immunology","","ExternalReferencePrice"
"131","Serology & Immunology","Haptoglobin","3300","Serum","2 ml","SampleVolume","","","HAPTOGLOBIN — Haptoglobin","AdditionalCandidate","Routine LIS / Serology-Immunology","","ExternalReferencePrice"
"132","Serology & Immunology","Immunoglobulin G/A/M","2000","Serum","2 ml","SampleVolume","","","IMMUNOGLOBULIN_G_A_M — Immunoglobulin G/A/M","ProfileCandidate","Routine LIS / Serology-Immunology","","ExternalReferencePrice"
"133","Serology & Immunology","Immunoglobulin E (IgE)","2000","Serum","2 ml","SampleVolume","","","IMMUNOGLOBULIN_E_IGE — Immunoglobulin E (IgE)","AdditionalCandidate","Routine LIS / Serology-Immunology","","ExternalReferencePrice"
"134","Serology & Immunology","Free Light Chain Assay - Serum","10000","Serum","2 ml","SampleVolume","","","FREE_LIGHT_CHAIN_ASSAY — Free Light Chain Assay - Serum","AdditionalCandidate","Routine LIS / Serology-Immunology","","ExternalReferencePrice"
"135","Serology & Immunology","Free Light Chain Assay - Urine","9000","Urine","10 ml","SampleVolume","","","FREE_LIGHT_CHAIN_ASSAY_URINE — Free Light Chain Assay - Urine","AdditionalCandidate","Routine LIS / Serology-Immunology","","ExternalReferencePrice"
"136","Serology & Immunology","Protein Electrophoresis","2200","Serum","2 ml","SampleVolume","","","PROTEIN_ELECTROPHORESIS — Protein Electrophoresis","AdditionalCandidate","Routine LIS / Serology-Immunology","Method/assay identity versus configuration decision required","ExternalReferencePrice"
"137","Serology & Immunology","Immunofixation Electrophoresis (Serum)","10000","Serum","2 ml","SampleVolume","","","IMMUNOFIXATION_ELECTROPHORESIS — Immunofixation Electrophoresis (Serum)","AdditionalCandidate","Routine LIS / Serology-Immunology","Method/assay identity versus configuration decision required","ExternalReferencePrice"
"138","Molecular & PCR Tests","COVID-19 rRT PCR","1500","NP/OP Swab","RT-PCR","Method","","","COVID_19_RRT_PCR — COVID-19 rRT PCR","SpecialistNewCandidate","MolecularWorkflow","Method/assay identity versus configuration decision required","ExternalReferencePrice"
"139","Molecular & PCR Tests","HBV Viral Load (Quantitative)","9000","Whole Blood EDTA","RT-PCR","Method","","","HBV_VIRAL_LOAD_QUANTITATIVE — HBV Viral Load (Quantitative)","SpecialistNewCandidate","MolecularWorkflow","","ExternalReferencePrice"
"140","Molecular & PCR Tests","HCV Viral Load (Quantitative)","10500","Whole Blood EDTA","RT-PCR","Method","Hemoglobin","HB — Hemoglobin (Hb) [Active/Routine; clinical=false]","HB — Hemoglobin","SpecialistExistingOrVariant","MolecularWorkflow","Semantic match requires operator confirmation","ExternalReferencePrice"
"141","Molecular & PCR Tests","HCV Genotyping","11000","Whole Blood EDTA","RT-PCR","Method","","","HCV_GENOTYPING — HCV Genotyping","SpecialistNewCandidate","MolecularWorkflow","","ExternalReferencePrice"
"142","Molecular & PCR Tests","HIV-1 & HIV-2 RNA","7500","Plasma","RT-PCR","Method","","","HIV_1_HIV_2_RNA — HIV-1 & HIV-2 RNA","AdditionalCandidate","MolecularWorkflow","","ExternalReferencePrice"
"143","Molecular & PCR Tests","TB PCR","4000","CSF/Sputum/Urine","RT-PCR","Method","","","TB_PCR — TB PCR","SpecialistNewCandidate","MolecularWorkflow","Method/assay identity versus configuration decision required","ExternalReferencePrice"
"144","Molecular & PCR Tests","TB Gold (IGRA)","4500","Lithium Heparin","CLIA","Method","","","TB_GOLD_IGRA — TB Gold (IGRA)","AdditionalCandidate","MolecularWorkflow","","ExternalReferencePrice"
"145","Molecular & PCR Tests","TB Gold Plus","5500","Lithium Heparin","ELISA","Method","","","TB_GOLD_PLUS — TB Gold Plus","AdditionalCandidate","MolecularWorkflow","","ExternalReferencePrice"
"146","Molecular & PCR Tests","HPV DNA (16/18)","3500","Vaginal Swab","RT-PCR","Method","","","HPV_DNA_16_18 — HPV DNA (16/18)","AdditionalCandidate","MolecularWorkflow","","ExternalReferencePrice"
"147","Molecular & PCR Tests","HLA B27 (PCR)","5000","Whole Blood EDTA","RT-PCR","Method","","","HLA_B27_PCR — HLA B27 (PCR)","SpecialistNewCandidate","MolecularWorkflow","Method/assay identity versus configuration decision required","ExternalReferencePrice"
"148","Molecular & PCR Tests","HLA B27 (Flowcytometry)","5000","EDTA/Heparin Blood","Flow Cytometry","Method","","","HLA_B27_FLOWCYTOMETRY — HLA B27 (Flowcytometry)","AdditionalCandidate","MolecularWorkflow","Method/assay identity versus configuration decision required","ExternalReferencePrice"
"149","Molecular & PCR Tests","JAK-2 Mutation","9500","Whole Blood EDTA","RT-PCR","Method","","","JAK_2_MUTATION — JAK-2 Mutation","SpecialistNewCandidate","MolecularWorkflow","","ExternalReferencePrice"
"150","Molecular & PCR Tests","BCR/ABL (IS) Quantitative","12000","Whole Blood EDTA","RT-PCR","Method","","","BCR_ABL_IS_QUANTITATIVE — BCR/ABL (IS) Quantitative","SpecialistNewCandidate","MolecularWorkflow","","ExternalReferencePrice"
"151","Molecular & PCR Tests","BCR/ABL Minor (p190)","8000-9000","Whole Blood/Bone Marrow","RT-PCR","Method","","","BCR_ABL_MINOR_P190 — BCR/ABL Minor (p190)","SpecialistNewCandidate","MolecularWorkflow","","ExternalReferencePrice"
"152","Molecular & PCR Tests","Bacterial Meningitis Panel","10500","CSF","RT-PCR","Method","","","BACTERIAL_MENINGITIS_PANEL — Bacterial Meningitis Panel","SpecialistNewCandidate","MolecularWorkflow","","ExternalReferencePrice"
"153","Molecular & PCR Tests","Respiratory Virus Panels I-V","7500","Throat/Nasal Swabs","RT-PCR","Method","","","RESPIRATORY_VIRUS_PANELS_I_V — Respiratory Virus Panels I-V","SpecialistNewCandidate","MolecularWorkflow","","ExternalReferencePrice"
"154","Molecular & PCR Tests","Respiratory Infection Comprehensive","28500","Throat/Nasal Swabs/BAL","RT-PCR","Method","","","RESPIRATORY_INFECTION_COMPREHENSIVE — Respiratory Infection Comprehensive","SpecialistNewCandidate","MolecularWorkflow","","ExternalReferencePrice"
"155","Molecular & PCR Tests","Viral Meningitis Panels","8500","CSF/Blood","RT-PCR","Method","","","VIRAL_MENINGITIS_PANELS — Viral Meningitis Panels","SpecialistNewCandidate","MolecularWorkflow","","ExternalReferencePrice"
"156","Molecular & PCR Tests","Neuro Virus Comprehensive","26000","CSF/Blood","RT-PCR","Method","","","NEURO_VIRUS_COMPREHENSIVE — Neuro Virus Comprehensive","SpecialistNewCandidate","MolecularWorkflow","","ExternalReferencePrice"
"157","Molecular & PCR Tests","STD Urethritis Panels","8500","Genital Swab/Urine","RT-PCR","Method","","","STD_URETHRITIS_PANELS — STD Urethritis Panels","SpecialistNewCandidate","MolecularWorkflow","","ExternalReferencePrice"
"158","Molecular & PCR Tests","STD Comprehensive","12500","Genital Swab/Urine","RT-PCR","Method","","","STD_COMPREHENSIVE — STD Comprehensive","SpecialistNewCandidate","MolecularWorkflow","","ExternalReferencePrice"
"159","Molecular & PCR Tests","STD Vaginal Panels","8500","Genital Swab/Urine","RT-PCR","Method","","","STD_VAGINAL_PANELS — STD Vaginal Panels","SpecialistNewCandidate","MolecularWorkflow","","ExternalReferencePrice"
"160","Molecular & PCR Tests","Tropical Fever Panels","8500","EDTA Blood/Urine","RT-PCR","Method","","","TROPICAL_FEVER_PANELS — Tropical Fever Panels","ProfileCandidate","MolecularWorkflow","","ExternalReferencePrice"
"161","Molecular & PCR Tests","Dengue & Chikungunya","10500","Serum/Plasma/Urine","RT-PCR","Method","","","DENGUE_CHIKUNGUNYA — Dengue & Chikungunya","AdditionalCandidate","MolecularWorkflow","","ExternalReferencePrice"
"162","Molecular & PCR Tests","Flu Differentiation","10000","Throat/Nasal Swabs","RT-PCR","Method","","","FLU_DIFFERENTIATION — Flu Differentiation","AdditionalCandidate","MolecularWorkflow","","ExternalReferencePrice"
"163","Molecular & PCR Tests","Influenza Panel","6500","NP/OP Swab","RT-PCR","Method","","","INFLUENZA_PANEL — Influenza Panel","ProfileCandidate","MolecularWorkflow","","ExternalReferencePrice"
"164","Molecular & PCR Tests","Neonatal Sepsis Panels","7500-12500","CSF/Blood","RT-PCR","Method","","","NEONATAL_SEPSIS_PANELS — Neonatal Sepsis Panels","ProfileCandidate","MolecularWorkflow","","ExternalReferencePrice"
"165","Molecular & PCR Tests","Gilbert Syndrome Mutation","8000","Whole Blood EDTA","RT-PCR","Method","","","GILBERT_SYNDROME_MUTATION — Gilbert Syndrome Mutation","SpecialistNewCandidate","MolecularWorkflow","","ExternalReferencePrice"
"166","Microbiology & Culture","Blood Culture & Sensitivity","800","Whole Blood in BHI","3-5 Days","ReportSchedule","","","BLOOD_CULTURE_SENSITIVITY — Blood Culture & Sensitivity","SpecialistNewCandidate","MicrobiologyWorkflow","","ExternalReferencePrice"
"167","Microbiology & Culture","Urine Culture & Sensitivity","600","Urine","3-5 Days","ReportSchedule","","","URINE_CULTURE_SENSITIVITY — Urine Culture & Sensitivity","SpecialistNewCandidate","MicrobiologyWorkflow","","ExternalReferencePrice"
"168","Microbiology & Culture","Sputum Culture & Sensitivity","1000","Sputum","3-5 Days","ReportSchedule","","","SPUTUM_CULTURE_SENSITIVITY — Sputum Culture & Sensitivity","SpecialistNewCandidate","MicrobiologyWorkflow","","ExternalReferencePrice"
"169","Microbiology & Culture","Stool Culture & Sensitivity","1000","Stool","3-5 Days","ReportSchedule","","","STOOL_CULTURE_SENSITIVITY — Stool Culture & Sensitivity","SpecialistNewCandidate","MicrobiologyWorkflow","","ExternalReferencePrice"
"170","Microbiology & Culture","Pus Culture & Sensitivity","1000","Pus","3-5 Days","ReportSchedule","Pus Culture and Sensitivity","","Pus Culture & Sensitivity microbiology case","SpecialistExistingOrVariant","MicrobiologyWorkflow","Semantic match requires operator confirmation","ExternalReferencePrice"
"171","Microbiology & Culture","Swab Culture & Sensitivity","1000","Swab","3-5 Days","ReportSchedule","","","SWAB_CULTURE_SENSITIVITY — Swab Culture & Sensitivity","SpecialistNewCandidate","MicrobiologyWorkflow","","ExternalReferencePrice"
"172","Microbiology & Culture","CSF Culture & Sensitivity","1000","CSF","3-5 Days","ReportSchedule","","","CSF_CULTURE_SENSITIVITY — CSF Culture & Sensitivity","SpecialistNewCandidate","MicrobiologyWorkflow","","ExternalReferencePrice"
"173","Microbiology & Culture","Body Fluids Culture","800","Body Fluids","3-5 Days","ReportSchedule","","","BODY_FLUIDS_CULTURE — Body Fluids Culture","SpecialistNewCandidate","MicrobiologyWorkflow","","ExternalReferencePrice"
"174","Microbiology & Culture","Ascitic Fluid Culture","800","Ascitic Fluid","3-5 Days","ReportSchedule","","","ASCITIC_FLUID_CULTURE — Ascitic Fluid Culture","SpecialistNewCandidate","MicrobiologyWorkflow","","ExternalReferencePrice"
"175","Microbiology & Culture","Pleural Fluid Culture","1000","Pleural Fluid","3-5 Days","ReportSchedule","","","PLEURAL_FLUID_CULTURE — Pleural Fluid Culture","SpecialistNewCandidate","MicrobiologyWorkflow","","ExternalReferencePrice"
"176","Microbiology & Culture","Semen Culture","1000","Semen","3-5 Days","ReportSchedule","","","SEMEN_CULTURE — Semen Culture","SpecialistNewCandidate","MicrobiologyWorkflow","","ExternalReferencePrice"
"177","Microbiology & Culture","Fungal Culture","1500","Infected Site","8-10 Days","ReportSchedule","","","FUNGAL_CULTURE — Fungal Culture","SpecialistNewCandidate","MicrobiologyWorkflow","","ExternalReferencePrice"
"178","Microbiology & Culture","AFB Culture","3000","Sputum/Body Fluids","6-7 Weeks","ReportSchedule","","","AFB_CULTURE — AFB Culture","SpecialistNewCandidate","MicrobiologyWorkflow","","ExternalReferencePrice"
"179","Microbiology & Culture","AFB Stain","300","Pus/Body Fluids","Same Day","ReportSchedule","","","AFB_STAIN — AFB Stain","StructuredNewCandidate","MicrobiologyWorkflow","","ExternalReferencePrice"
"180","Microbiology & Culture","Sputum AFB","300","Sputum","Same Day","ReportSchedule","","","SPUTUM_AFB — Sputum AFB","StructuredNewCandidate","MicrobiologyWorkflow","","ExternalReferencePrice"
"181","Microbiology & Culture","Gram Stain","300","Sputum","Same Day","ReportSchedule","Gram's Stain","","Gram's Stain","StructuredExistingOrVariant","MicrobiologyWorkflow","","ExternalReferencePrice"
"182","Microbiology & Culture","Fungus (KOH Preparation)","500","Clinical Specimen","Same Day","ReportSchedule","","","FUNGUS_KOH_PREPARATION — Fungus (KOH Preparation)","StructuredNewCandidate","MicrobiologyWorkflow","","ExternalReferencePrice"
"183","Microbiology & Culture","Widal Test","300","Serum","Same Day","ReportSchedule","","","WIDAL — Widal Test","AdditionalCandidate","MicrobiologyWorkflow","","ExternalReferencePrice"
"184","Microbiology & Culture","VDRL (RPR)","500","Serum","Same Day","ReportSchedule","","","VDRL_RPR — VDRL (RPR)","AdditionalCandidate","MicrobiologyWorkflow","","ExternalReferencePrice"
"185","Microbiology & Culture","Dengue Combo","1500","Serum","Same Day","ReportSchedule","","","DENGUE_COMBO — Dengue Combo","ProfileCandidate","MicrobiologyWorkflow","","ExternalReferencePrice"
"186","Microbiology & Culture","Scrub Typhus IgM","1750","Serum","Same Day","ReportSchedule","","","SCRUB_TYPHUS_IGM — Scrub Typhus IgM","AdditionalCandidate","MicrobiologyWorkflow","Method/assay identity versus configuration decision required","ExternalReferencePrice"
"187","Microbiology & Culture","Leptospira IgG/IgM","1500","Serum","Same Day","ReportSchedule","","","LEPTOSPIRA_IGG_IGM — Leptospira IgG/IgM","AdditionalCandidate","MicrobiologyWorkflow","Method/assay identity versus configuration decision required","ExternalReferencePrice"
"188","Microbiology & Culture","Malaria Parasite","500","Whole Blood EDTA","Same Day","ReportSchedule","","","MALARIA_PARASITE — Malaria Parasite","AdditionalCandidate","MicrobiologyWorkflow","","ExternalReferencePrice"
"189","Microbiology & Culture","Cryptococcus Antigen","4400","Serum/CSF","7-10 Days","ReportSchedule","","","CRYPTOCOCCUS_ANTIGEN — Cryptococcus Antigen","AdditionalCandidate","MicrobiologyWorkflow","","ExternalReferencePrice"
"190","Hepatitis & HIV Panel","HBsAg (CLIA)","1500","Serum","CLIA","Method","","","HBSAG_CLIA — HBsAg (CLIA)","AdditionalCandidate","Routine LIS / Serology-Immunology","Method/assay identity versus configuration decision required","ExternalReferencePrice"
"191","Hepatitis & HIV Panel","HBsAg (ELISA)","1200","Serum","ELISA","Method","HBsAg ELISA","","HBsAg ELISA","MethodOrAssayVariantReview","Routine LIS / Serology-Immunology","Method/assay identity versus configuration decision required","ExternalReferencePrice"
"192","Hepatitis & HIV Panel","HBsAg Rapid","500","Serum","ICT","Method","","","HBSAG_RAPID — HBsAg Rapid","AdditionalCandidate","Routine LIS / Serology-Immunology","Method/assay identity versus configuration decision required","ExternalReferencePrice"
"193","Hepatitis & HIV Panel","HBsAg Confirmatory","2750","Serum","Neutralization","Method","","","HBSAG_CONFIRMATORY — HBsAg Confirmatory","AdditionalCandidate","Routine LIS / Serology-Immunology","Method/assay identity versus configuration decision required","ExternalReferencePrice"
"194","Hepatitis & HIV Panel","HBsAb","2500","Serum","CLIA","Method","","","HBSAB — HBsAb","AdditionalCandidate","Routine LIS / Serology-Immunology","","ExternalReferencePrice"
"195","Hepatitis & HIV Panel","HBeAg","2000","Serum","CLIA","Method","HBeAg","","HBeAg","Existing256Match","Routine LIS / Serology-Immunology","","ExternalReferencePrice"
"196","Hepatitis & HIV Panel","HBeAb","2000","Serum","CLIA","Method","","","HBEAB — HBeAb","AdditionalCandidate","Routine LIS / Serology-Immunology","","ExternalReferencePrice"
"197","Hepatitis & HIV Panel","HBc Total Ab","2200","Serum","CLIA","Method","","","HBC_TOTAL_AB — HBc Total Ab","AdditionalCandidate","Routine LIS / Serology-Immunology","Method/assay identity versus configuration decision required","ExternalReferencePrice"
"198","Hepatitis & HIV Panel","HBc IgM Ab","2200","Serum","CLIA","Method","","","HBC_IGM_AB — HBc IgM Ab","AdditionalCandidate","Routine LIS / Serology-Immunology","Method/assay identity versus configuration decision required","ExternalReferencePrice"
"199","Hepatitis & HIV Panel","HCV Ab (CLIA)","1500","Serum","CLIA","Method","","","HCV_AB_CLIA — HCV Ab (CLIA)","AdditionalCandidate","Routine LIS / Serology-Immunology","Method/assay identity versus configuration decision required","ExternalReferencePrice"
"200","Hepatitis & HIV Panel","HCV (ELISA)","1200","Serum","ELISA","Method","","","HCV_ELISA — HCV (ELISA)","AdditionalCandidate","Routine LIS / Serology-Immunology","Method/assay identity versus configuration decision required","ExternalReferencePrice"
"201","Hepatitis & HIV Panel","HCV Rapid","550","Serum","ICT","Method","","","HCV_RAPID — HCV Rapid","AdditionalCandidate","Routine LIS / Serology-Immunology","Method/assay identity versus configuration decision required","ExternalReferencePrice"
"202","Hepatitis & HIV Panel","HAV IgM","2200","Serum","CLIA","Method","HAV IgM","","HAV IgM","MethodOrAssayVariantReview","Routine LIS / Serology-Immunology","Method/assay identity versus configuration decision required","ExternalReferencePrice"
"203","Hepatitis & HIV Panel","HAV IgG","3300","Serum","CLIA","Method","","","HAV_IGG — HAV IgG","AdditionalCandidate","Routine LIS / Serology-Immunology","Method/assay identity versus configuration decision required","ExternalReferencePrice"
"204","Hepatitis & HIV Panel","HEV IgM","1500","Serum","ICT","Method","","","HEV_IGM — HEV IgM","AdditionalCandidate","Routine LIS / Serology-Immunology","Method/assay identity versus configuration decision required","ExternalReferencePrice"
"205","Hepatitis & HIV Panel","HEV IgM Ab","3300","Serum","ELISA","Method","","","HEV_IGM_AB — HEV IgM Ab","AdditionalCandidate","Routine LIS / Serology-Immunology","Method/assay identity versus configuration decision required","ExternalReferencePrice"
"206","Hepatitis & HIV Panel","HIV I & II (Rapid)","500","Serum","ICT","Method","","","HIV_I_II_RAPID — HIV I & II (Rapid)","AdditionalCandidate","Routine LIS / Serology-Immunology","Method/assay identity versus configuration decision required","ExternalReferencePrice"
"207","Hepatitis & HIV Panel","HIV Combi (Ag & Ab)","2500","Serum","CLIA","Method","","","HIV_COMBI_AG_AB — HIV Combi (Ag & Ab)","AdditionalCandidate","Routine LIS / Serology-Immunology","Method/assay identity versus configuration decision required","ExternalReferencePrice"
"208","Hepatitis & HIV Panel","HIV I & II (ELISA)","2000","Serum","ELISA","Method","HIV ELISA I/II","","HIV ELISA I/II","MethodOrAssayVariantReview","Routine LIS / Serology-Immunology","Method/assay identity versus configuration decision required","ExternalReferencePrice"
"209","Hepatitis & HIV Panel","HIV Western Blot","8000","Serum","Western Blot","Method","","","HIV_WESTERN_BLOT — HIV Western Blot","AdditionalCandidate","Routine LIS / Serology-Immunology","Method/assay identity versus configuration decision required","ExternalReferencePrice"
"210","Tumor Markers & Cancer Screening","AFP","1600","Serum","CLIA/CMIA","Method","Alfa Fetoprotein, AFP","AFP — Alfa Feto Protein [Active/Routine; clinical=true]","AFP — Alfa Feto Protein","Existing256Match","Routine or Pathology/IHC review","","ExternalReferencePrice"
"211","Tumor Markers & Cancer Screening","CEA","1700","Serum/Body Fluids","CLIA/CMIA","Method","","","CEA — CEA","AdditionalCandidate","Routine or Pathology/IHC review","","ExternalReferencePrice"
"212","Tumor Markers & Cancer Screening","CA 125","1700","Serum","CLIA","Method","CA 125","","CA 125","Existing256Match","Routine or Pathology/IHC review","","ExternalReferencePrice"
"213","Tumor Markers & Cancer Screening","CA 15.3","2200","Serum","CLIA/CMIA","Method","CA 15-3","","CA 15-3","Existing256Match","Routine or Pathology/IHC review","","ExternalReferencePrice"
"214","Tumor Markers & Cancer Screening","CA 19.9","2200","Serum","CLIA/CMIA","Method","CA 19-9","","CA 19-9","Existing256Match","Routine or Pathology/IHC review","","ExternalReferencePrice"
"215","Tumor Markers & Cancer Screening","CA-72.4","4400","Serum","CLIA","Method","CA 72-4","","CA 72-4","Existing256Match","Routine or Pathology/IHC review","","ExternalReferencePrice"
"216","Tumor Markers & Cancer Screening","PSA (Total)","1500","Serum","CLIA","Method","Total PSA","PSA — Prostate Specific Antigen (PSA, Total) [Active/Routine; clinical=false]","PSA — Prostate Specific Antigen (PSA, Total)","Existing256Match","Routine or Pathology/IHC review","","ExternalReferencePrice"
"217","Tumor Markers & Cancer Screening","PSA Free","2000","Serum","CLIA","Method","Free PSA","","Free PSA","Existing256Match","Routine or Pathology/IHC review","","ExternalReferencePrice"
"218","Tumor Markers & Cancer Screening","CYFRA 21-1","7000","Serum","EIA","Method","","","CYFRA_21_1 — CYFRA 21-1","AdditionalCandidate","Routine or Pathology/IHC review","","ExternalReferencePrice"
"219","Tumor Markers & Cancer Screening","Breast Cancer Panel (ER, PR, HER2 neu)","7000","Tumor Biopsy","IHC","Method","","","BREAST_CANCER_PANEL_ER_PR_HER2_NEU — Breast Cancer Panel (ER, PR, HER2 neu)","SpecialistNewCandidate","Routine or Pathology/IHC review","","ExternalReferencePrice"
"220","Tumor Markers & Cancer Screening","Chromogranin A","13200","EDTA Blood","EIA","Method","","","CHROMOGRANIN_A — Chromogranin A","AdditionalCandidate","Routine or Pathology/IHC review","","ExternalReferencePrice"
"221","Tumor Markers & Cancer Screening","Cancer Screening Female","6100","Serum","CLIA","Method","","","CANCER_SCREENING_FEMALE — Cancer Screening Female","AdditionalCandidate","Routine or Pathology/IHC review","","ExternalReferencePrice"
"222","Tumor Markers & Cancer Screening","Cancer Screening Male","4100","Serum","CLIA","Method","","","CANCER_SCREENING_MALE — Cancer Screening Male","AdditionalCandidate","Routine or Pathology/IHC review","","ExternalReferencePrice"
"223","Histopathology & Biopsy","Biopsy Group A","1500","Tissue in 10% Formalin","5-7 Days","ReportSchedule","","","BIOPSY_GROUP_A — Biopsy Group A","SpecialistNewCandidate","Histopathology/CytologyWorkflow","","ExternalReferencePrice"
"224","Histopathology & Biopsy","Biopsy Group B","2500","Tissue in 10% Formalin","5-7 Days","ReportSchedule","","","BIOPSY_GROUP_B — Biopsy Group B","SpecialistNewCandidate","Histopathology/CytologyWorkflow","","ExternalReferencePrice"
"225","Histopathology & Biopsy","Biopsy Group C","3500","Tissue in 10% Formalin","5-7 Days","ReportSchedule","","","BIOPSY_GROUP_C — Biopsy Group C","SpecialistNewCandidate","Histopathology/CytologyWorkflow","","ExternalReferencePrice"
"226","Histopathology & Biopsy","Biopsy Group D","4500","Tissue in 10% Formalin","5-7 Days","ReportSchedule","","","BIOPSY_GROUP_D — Biopsy Group D","SpecialistNewCandidate","Histopathology/CytologyWorkflow","","ExternalReferencePrice"
"227","Histopathology & Biopsy","Biopsy Group E","5500","Tissue in 10% Formalin","5-7 Days","ReportSchedule","","","BIOPSY_GROUP_E — Biopsy Group E","SpecialistNewCandidate","Histopathology/CytologyWorkflow","","ExternalReferencePrice"
"228","Histopathology & Biopsy","Biopsy Group F","10000","Tissue in 10% Formalin","5-7 Days","ReportSchedule","","","BIOPSY_GROUP_F — Biopsy Group F","SpecialistNewCandidate","Histopathology/CytologyWorkflow","","ExternalReferencePrice"
"229","Histopathology & Biopsy","Special Biopsy Group A-E","3000-11000","Tissue in 10% Formalin","5-7 Days","ReportSchedule","","","SPECIAL_BIOPSY_GROUP_A_E — Special Biopsy Group A-E","SpecialistNewCandidate","Histopathology/CytologyWorkflow","","ExternalReferencePrice"
"230","Histopathology & Biopsy","Kidney Biopsy Panel","8000","Kidney Biopsy","5-7 Days","ReportSchedule","","","KIDNEY_BIOPSY_PANEL — Kidney Biopsy Panel","SpecialistNewCandidate","Histopathology/CytologyWorkflow","","ExternalReferencePrice"
"231","Histopathology & Biopsy","Skin Biopsy Panel","5500","Skin Biopsy","5-7 Days","ReportSchedule","","","SKIN_BIOPSY_PANEL — Skin Biopsy Panel","SpecialistNewCandidate","Histopathology/CytologyWorkflow","","ExternalReferencePrice"
"232","Histopathology & Biopsy","Pap Smear","1000","Cervical Smear","1-2 Days","ReportSchedule","Hemoglobin","HB — Hemoglobin (Hb) [Active/Routine; clinical=false]","HB — Hemoglobin","SpecialistExistingOrVariant","Histopathology/CytologyWorkflow","Semantic match requires operator confirmation","ExternalReferencePrice"
"233","Histopathology & Biopsy","LBC (Liquid Based Cytology)","2200","LBC Specimen","2-3 Days","ReportSchedule","","","LBC_LIQUID_BASED_CYTOLOGY — LBC (Liquid Based Cytology)","SpecialistNewCandidate","Histopathology/CytologyWorkflow","","ExternalReferencePrice"
"234","Histopathology & Biopsy","FNAC","1600","FNA Slide","1-2 Days","ReportSchedule","FNAC (Fine Needle Aspiration)","","FNAC cytology case","SpecialistExistingOrVariant","Histopathology/CytologyWorkflow","","ExternalReferencePrice"
"235","Histopathology & Biopsy","FNAC with Procedure","2500","Procedure/FNA Slide","1-2 Days","ReportSchedule","","","FNAC_WITH_PROCEDURE — FNAC with Procedure","SpecialistNewCandidate","Histopathology/CytologyWorkflow","","ExternalReferencePrice"
"236","Histopathology & Biopsy","Cytology (Body Fluid)","1100","Body Fluids","1-2 Days","ReportSchedule","","","CYTOLOGY_BODY_FLUID — Cytology (Body Fluid)","SpecialistNewCandidate","Histopathology/CytologyWorkflow","","ExternalReferencePrice"
"237","Histopathology & Biopsy","Cytology Urine","1100","Urine","1-2 Days","ReportSchedule","","","CYTOLOGY_URINE — Cytology Urine","SpecialistNewCandidate","Histopathology/CytologyWorkflow","","ExternalReferencePrice"
"238","Allergy Testing","Allergy Food Screening (20 Panel)","5000","Serum","Immunoblot","Method","","","ALLERGY_FOOD_SCREENING_20_PANEL — Allergy Food Screening (20 Panel)","ProfileCandidate","Outsource/Immunology review","","ExternalReferencePrice"
"239","Allergy Testing","Allergy Inhalation (20 Panel)","5000","Serum","Immunoblot","Method","","","ALLERGY_INHALATION_20_PANEL — Allergy Inhalation (20 Panel)","ProfileCandidate","Outsource/Immunology review","","ExternalReferencePrice"
"240","Vitamins & Minerals","Vitamin A (Retinol)","9500","Fasting Serum","HPLC","Method","","","VITAMIN_A_RETINOL — Vitamin A (Retinol)","AdditionalCandidate","Routine or Outsource review","","ExternalReferencePrice"
"241","Vitamins & Minerals","Vitamin B1","7500","Fasting Serum","HPLC","Method","","","VITAMIN_B1 — Vitamin B1","AdditionalCandidate","Routine or Outsource review","","ExternalReferencePrice"
"242","Vitamins & Minerals","Vitamin B2","7700","Fasting Serum","HPLC","Method","","","VITAMIN_B2 — Vitamin B2","AdditionalCandidate","Routine or Outsource review","","ExternalReferencePrice"
"243","Vitamins & Minerals","Vitamin B6","7700","Fasting Serum","HPLC","Method","","","VITAMIN_B6 — Vitamin B6","AdditionalCandidate","Routine or Outsource review","","ExternalReferencePrice"
"244","Vitamins & Minerals","Vitamin B12","1600","Serum","CLIA","Method","Vitamin B12","VITAMIN_B12 — Vitamin B12 (Cyanocobalamin) [Active/Routine; clinical=false]","VITAMIN_B12 — Vitamin B12 (Cyanocobalamin)","Existing256Match","Routine or Outsource review","","ExternalReferencePrice"
"245","Vitamins & Minerals","Vitamin C (Ascorbic Acid)","7700","Fasting Serum","HPLC","Method","","","VITAMIN_C_ASCORBIC_ACID — Vitamin C (Ascorbic Acid)","AdditionalCandidate","Routine or Outsource review","","ExternalReferencePrice"
"246","Vitamins & Minerals","Vitamin D (25-Hydroxy)","2800","Serum","CLIA","Method","25 Hydroxy (OH) Vitamin D","VITAMIN_D — 25-Hydroxy Vitamin D (Total) [Active/Routine; clinical=false]","VITAMIN_D — 25-Hydroxy Vitamin D (Total)","Existing256Match","Routine or Outsource review","Semantic match requires operator confirmation","ExternalReferencePrice"
"247","Vitamins & Minerals","Vitamin D3 (1,25-Dihydroxy)","6500","Serum","CLIA","Method","","","VITAMIN_D3_1_25_DIHYDROXY — Vitamin D3 (1,25-Dihydroxy)","AdditionalCandidate","Routine or Outsource review","","ExternalReferencePrice"
"248","Vitamins & Minerals","Vitamin E (Tocopherol)","9500","Fasting Serum","HPLC","Method","","","VITAMIN_E_TOCOPHEROL — Vitamin E (Tocopherol)","AdditionalCandidate","Routine or Outsource review","","ExternalReferencePrice"
"249","Vitamins & Minerals","Vitamin K1","8800","Fasting Serum","HPLC","Method","","","VITAMIN_K1 — Vitamin K1","AdditionalCandidate","Routine or Outsource review","","ExternalReferencePrice"
"250","Vitamins & Minerals","Iron","1000","Serum","Spectrophotometry","Method","Iron","IRON — Serum Iron [Active/Routine; clinical=false]","IRON — Serum Iron","Existing256Match","Routine or Outsource review","","ExternalReferencePrice"
"251","Vitamins & Minerals","Zinc","4000","Plasma/Serum/Urine","ICPMS","Method","Serum Zinc","","Serum Zinc","Existing256Match","Routine or Outsource review","","ExternalReferencePrice"
"252","Vitamins & Minerals","Copper Serum","3300","Serum","Spectrophotometry","Method","","","COPPER — Copper Serum","AdditionalCandidate","Routine or Outsource review","","ExternalReferencePrice"
"253","Vitamins & Minerals","Magnesium","600","Serum/Urine","Spectrophotometry","Method","Magnesium","MAGNESIUM — Serum Magnesium [Active/Routine; clinical=false]","MAGNESIUM — Serum Magnesium","Existing256Match","Routine or Outsource review","","ExternalReferencePrice"
"254","Vitamins & Minerals","Calcium Serum","500","Serum","Spectrophotometry","Method","Serum Calcium","CALCIUM — Serum Calcium (Total) [Active/Routine; clinical=false]","CALCIUM — Serum Calcium (Total)","Existing256Match","Routine or Outsource review","","ExternalReferencePrice"
"255","Vitamins & Minerals","Lead","3850","Blood/Urine","ICPMS","Method","","","LEAD — Lead","AdditionalCandidate","Routine or Outsource review","","ExternalReferencePrice"
"256","Vitamins & Minerals","Cadmium","6000","Blood/24hr Urine","ICPMS","Method","","","CADMIUM — Cadmium","AdditionalCandidate","Routine or Outsource review","","ExternalReferencePrice"
"257","Vitamins & Minerals","Mercury","7150","Urine","ICPMS","Method","","","MERCURY — Mercury","AdditionalCandidate","Routine or Outsource review","","ExternalReferencePrice"
"258","Genetic Testing & Karyotyping","Karyotyping Blood","6000","Sodium Heparin Blood","10-15 Days","ReportSchedule","","","KARYOTYPING_BLOOD — Karyotyping Blood","SpecialistNewCandidate","Molecular/CytogeneticsWorkflow","","ExternalReferencePrice"
"259","Genetic Testing & Karyotyping","Karyotyping (Couple)","10000","Sodium Heparin (Both)","10-15 Days","ReportSchedule","","","KARYOTYPING_COUPLE — Karyotyping (Couple)","SpecialistNewCandidate","Molecular/CytogeneticsWorkflow","","ExternalReferencePrice"
"260","Genetic Testing & Karyotyping","Karyotyping (Bone Marrow)","5000","Bone Marrow","10-15 Days","ReportSchedule","","","KARYOTYPING_BONE_MARROW — Karyotyping (Bone Marrow)","SpecialistNewCandidate","Molecular/CytogeneticsWorkflow","","ExternalReferencePrice"
"261","Genetic Testing & Karyotyping","Karyotype (POC)","10500","POC in RPMI","10-15 Days","ReportSchedule","","","KARYOTYPE_POC — Karyotype (POC)","SpecialistNewCandidate","Molecular/CytogeneticsWorkflow","","ExternalReferencePrice"
"262","Genetic Testing & Karyotyping","2 CFTR (Cystic Fibrosis)","11000","EDTA Blood","12-15 Days","ReportSchedule","","","2_CFTR_CYSTIC_FIBROSIS — 2 CFTR (Cystic Fibrosis)","SpecialistNewCandidate","Molecular/CytogeneticsWorkflow","","ExternalReferencePrice"
"263","Genetic Testing & Karyotyping","Autism Panel","33000","EDTA Blood","25-30 Days","ReportSchedule","","","AUTISM_PANEL — Autism Panel","SpecialistNewCandidate","Molecular/CytogeneticsWorkflow","","ExternalReferencePrice"
"264","Genetic Testing & Karyotyping","Glycogen Storage Disease Panel","30000","EDTA Blood","20-30 Days","ReportSchedule","","","GLYCOGEN_STORAGE_DISEASE_PANEL — Glycogen Storage Disease Panel","SpecialistNewCandidate","Molecular/CytogeneticsWorkflow","","ExternalReferencePrice"
"265","Genetic Testing & Karyotyping","BRCA 1/2","32000","EDTA Blood","-","ReportSchedule","Hemoglobin","HB — Hemoglobin (Hb) [Active/Routine; clinical=false]","HB — Hemoglobin","SpecialistExistingOrVariant","Molecular/CytogeneticsWorkflow","Semantic match requires operator confirmation","ExternalReferencePrice"
"266","Genetic Testing & Karyotyping","Duchenne/Becker Muscular Dystrophy","16000","EDTA Blood","12-15 Days","ReportSchedule","","","DUCHENNE_BECKER_MUSCULAR_DYSTROPHY — Duchenne/Becker Muscular Dystrophy","SpecialistNewCandidate","Molecular/CytogeneticsWorkflow","","ExternalReferencePrice"
"267","Drug Testing & Toxicology","Alcohol (Ethanol) Screen","4000","Serum","","SampleVolume","","","ALCOHOL_ETHANOL_SCREEN — Alcohol (Ethanol) Screen","AdditionalCandidate","Toxicology/TDM","","ExternalReferencePrice"
"268","Drug Testing & Toxicology","Acetaminophen (Paracetamol)","2100","Serum","","SampleVolume","","","ACETAMINOPHEN_PARACETAMOL — Acetaminophen (Paracetamol)","AdditionalCandidate","Toxicology/TDM","","ExternalReferencePrice"
"269","Drug Testing & Toxicology","Amphetamine","2000","Urine","","SampleVolume","","","AMPHETAMINE — Amphetamine","AdditionalCandidate","Toxicology/TDM","","ExternalReferencePrice"
"270","Drug Testing & Toxicology","Barbiturates","2000","Urine","","SampleVolume","","","BARBITURATES — Barbiturates","AdditionalCandidate","Toxicology/TDM","","ExternalReferencePrice"
"271","Drug Testing & Toxicology","Benzodiazepine","2000","Urine","","SampleVolume","","","BENZODIAZEPINE — Benzodiazepine","AdditionalCandidate","Toxicology/TDM","","ExternalReferencePrice"
"272","Drug Testing & Toxicology","Cannabis (Marijuana/THC)","2000","Urine","","SampleVolume","","","CANNABIS_MARIJUANA_THC — Cannabis (Marijuana/THC)","AdditionalCandidate","Toxicology/TDM","","ExternalReferencePrice"
"273","Drug Testing & Toxicology","Cocaine","2000","Urine","","SampleVolume","","","COCAINE — Cocaine","AdditionalCandidate","Toxicology/TDM","","ExternalReferencePrice"
"274","Drug Testing & Toxicology","Morphine (Opiate)","2000","Urine","","SampleVolume","","","MORPHINE_OPIATE — Morphine (Opiate)","AdditionalCandidate","Toxicology/TDM","","ExternalReferencePrice"
"275","Drug Testing & Toxicology","Phencyclidine (PCP)","2000","Urine","","SampleVolume","","","PHENCYCLIDINE_PCP — Phencyclidine (PCP)","AdditionalCandidate","Toxicology/TDM","","ExternalReferencePrice"
"276","Drug Testing & Toxicology","Urine Drug Analysis","3300","Urine","","SampleVolume","","","URINE_DRUG_ANALYSIS — Urine Drug Analysis","ProfileCandidate","Toxicology/TDM","","ExternalReferencePrice"
"277","Drug Testing & Toxicology","Carbamazepine","2500","Serum","","SampleVolume","","","CARBAMAZEPINE — Carbamazepine","AdditionalCandidate","Toxicology/TDM","","ExternalReferencePrice"
"278","Drug Testing & Toxicology","Phenytoin Level","2500","Serum","","SampleVolume","","","PHENYTOIN_LEVEL — Phenytoin Level","AdditionalCandidate","Toxicology/TDM","","ExternalReferencePrice"
"279","Drug Testing & Toxicology","Valporic Acid","2500","Serum","","SampleVolume","","","VALPORIC_ACID — Valporic Acid","AdditionalCandidate","Toxicology/TDM","","ExternalReferencePrice"
"280","Drug Testing & Toxicology","Vancomycin","3000","Serum","","SampleVolume","","","VANCOMYCIN — Vancomycin","AdditionalCandidate","Toxicology/TDM","","ExternalReferencePrice"
"281","Drug Testing & Toxicology","Digoxin","2500","Serum","","SampleVolume","","","DIGOXIN — Digoxin","AdditionalCandidate","Toxicology/TDM","","ExternalReferencePrice"
"282","Drug Testing & Toxicology","Lithium","1200","Serum","","SampleVolume","","","LITHIUM — Lithium","AdditionalCandidate","Toxicology/TDM","","ExternalReferencePrice"
"283","Drug Testing & Toxicology","Cyclosporine A","5500","EDTA Blood","","SampleVolume","","","CYCLOSPORINE_A — Cyclosporine A","AdditionalCandidate","Toxicology/TDM","","ExternalReferencePrice"
"284","Drug Testing & Toxicology","Tacrolimus","4200","EDTA Blood","","SampleVolume","","","TACROLIMUS — Tacrolimus","AdditionalCandidate","Toxicology/TDM","","ExternalReferencePrice"
"285","Drug Testing & Toxicology","Everolimus","11550","EDTA Blood","","SampleVolume","","","EVEROLIMUS — Everolimus","AdditionalCandidate","Toxicology/TDM","","ExternalReferencePrice"
"286","General & Other Tests","Urine Routine","200","Urine","","SampleVolume","Hemoglobin","HB — Hemoglobin (Hb) [Active/Routine; clinical=false]","HB — Hemoglobin","StructuredExistingOrVariant","Routine/Structured/Specialist review","Semantic match requires operator confirmation","ExternalReferencePrice"
"287","General & Other Tests","Stool Routine","200","Stool","","SampleVolume","Hemoglobin","HB — Hemoglobin (Hb) [Active/Routine; clinical=false]","HB — Hemoglobin","StructuredExistingOrVariant","Routine/Structured/Specialist review","Semantic match requires operator confirmation","ExternalReferencePrice"
"288","General & Other Tests","Semen Analysis","700","Semen","","SampleVolume","","","SEMEN_ANALYSIS — Semen Analysis","StructuredNewCandidate","Routine/Structured/Specialist review","","ExternalReferencePrice"
"289","General & Other Tests","CSF Routine","1000","CSF","","SampleVolume","","","CSF_ROUTINE — CSF Routine","StructuredNewCandidate","Routine/Structured/Specialist review","","ExternalReferencePrice"
"290","General & Other Tests","Pregnancy Test (Urine)","150","Urine","","SampleVolume","Urine Pregnancy Test","","Urine Pregnancy Test","Existing256Match","Routine/Structured/Specialist review","","ExternalReferencePrice"
"291","General & Other Tests","Mantoux Test","500","Walk to Lab","","SampleVolume","Mantoux test","","Mantoux test","Existing256Match","Routine/Structured/Specialist review","","ExternalReferencePrice"
"292","General & Other Tests","Glucose Challenge Test","100","Fluoride Plasma","","SampleVolume","","","GLUCOSE_CHALLENGE — Glucose Challenge Test","AdditionalCandidate","Routine/Structured/Specialist review","","ExternalReferencePrice"
"293","General & Other Tests","G6PD","2500","EDTA Blood","","SampleVolume","Glucose-6-phosphate dehydrogenase","","Glucose-6-phosphate dehydrogenase","Existing256Match","Routine/Structured/Specialist review","","ExternalReferencePrice"
"294","General & Other Tests","Osmolality Serum","1650","Serum","","SampleVolume","","","OSMOLALITY — Osmolality Serum","AdditionalCandidate","Routine/Structured/Specialist review","","ExternalReferencePrice"
"295","General & Other Tests","Osmolality Urine","1650","24hrs Urine","","SampleVolume","","","OSMOLALITY_URINE — Osmolality Urine","AdditionalCandidate","Routine/Structured/Specialist review","","ExternalReferencePrice"
"296","General & Other Tests","Ketone Bodies (Urine)","200","Urine","","SampleVolume","","","KETONE_BODIES_URINE — Ketone Bodies (Urine)","AdditionalCandidate","Routine/Structured/Specialist review","","ExternalReferencePrice"
"297","General & Other Tests","H. Pylori Antigen (Stool)","1500","Stool","","SampleVolume","","","H_PYLORI_ANTIGEN_STOOL — H. Pylori Antigen (Stool)","AdditionalCandidate","Routine/Structured/Specialist review","","ExternalReferencePrice"
"298","General & Other Tests","H. Pylori Total Antibody","1100","Serum","","SampleVolume","","","H_PYLORI_TOTAL_ANTIBODY — H. Pylori Total Antibody","AdditionalCandidate","Routine/Structured/Specialist review","","ExternalReferencePrice"
"299","General & Other Tests","Leishmania (K-39) IgG/IgM","1100","Serum","","SampleVolume","","","LEISHMANIA_K_39_IGG_IGM — Leishmania (K-39) IgG/IgM","AdditionalCandidate","Routine/Structured/Specialist review","Method/assay identity versus configuration decision required","ExternalReferencePrice"
"300","General & Other Tests","Scrub Typhus IgM","1750","Serum","","SampleVolume","","","SCRUB_TYPHUS_IGM — Scrub Typhus IgM","AdditionalCandidate","Routine/Structured/Specialist review","Method/assay identity versus configuration decision required","ExternalReferencePrice"
"301","General & Other Tests","Widal Test","300","Serum","","SampleVolume","","","WIDAL — Widal Test","AdditionalCandidate","Routine/Structured/Specialist review","","ExternalReferencePrice"
"302","General & Other Tests","Procalcitonin","5200","Serum","","SampleVolume","Procalcitonin","","Procalcitonin","Existing256Match","Routine/Structured/Specialist review","","ExternalReferencePrice"
"303","General & Other Tests","NT-pro BNP","5000","Heparin/Serum","","SampleVolume","","","NT_PRO_BNP — NT-pro BNP","AdditionalCandidate","Routine/Structured/Specialist review","","ExternalReferencePrice"
"304","General & Other Tests","Troponin I","1000","Serum","","SampleVolume","Troponin T","","Troponin T","Existing256Match","Routine/Structured/Specialist review","","ExternalReferencePrice"
