"Source #","Source Name","Source Alias","Source Type","Source Department","Canonical Department","Existing LIS Match","Match Type","Canonical Proposed Identity","Workflow","Conflict","Required Next Action"
"1","Hemoglobin","Hb","Single parameter","Haematology","Hematology","HB — Hemoglobin (Hb) [Active/Routine; clinical=false]","AliasExisting","HB — Hemoglobin","RoutineSingleParameter","CBC component versus standalone billable service boundary","confirm semantic/method equivalence; preserve existing identity; clinical configuration reviewed separately"
"2","Total Leukocyte Count","TLC","Single parameter","Haematology","Hematology","TLC — Total Leukocyte Count (TLC / WBC) [Active/Routine; clinical=false]","AliasExisting","TLC — Total Leukocyte Count","RoutineSingleParameter","TLC/WBC/TC equivalence and duplicate billable identity; CBC component versus standalone billable service boundary","confirm semantic/method equivalence; preserve existing identity; clinical configuration reviewed separately"
"3","Differential Leucocyte Count","DLC","Multi parameter","Haematology","Hematology","DLC — Differential Leukocyte Count (DLC) [Active/Routine; clinical=false]","AliasExisting","DLC — Differential Leukocyte Count","RoutineMultiParameter/Profile","DLC variant/duplicate and reporting-shape conflict; CBC component versus standalone billable service boundary","confirm semantic/method equivalence; preserve existing identity; clinical configuration reviewed separately"
"4","Differential Leukocyte Count (Absolute count)","","Multi parameter","Haematology","Hematology","","ConflictRequiresReview","Differential Leukocyte Count (Absolute count)","RoutineMultiParameter/Profile","DLC variant/duplicate and reporting-shape conflict","review conflict/identity, then create Draft with billing/reporting disabled only if approved"
"5","Erythrocyte sedimentation rate (Westergren)","ESR (Westergren)","Single parameter","Haematology","Hematology","","ConflictRequiresReview","ESR — method-specific Westergren service/configuration","RoutineSingleParameter","Method-specific ESR must not be collapsed into generic ESR without approval","review conflict/identity, then create Draft with billing/reporting disabled only if approved"
"6","Erythrocyte Sedimentation Rate (Wintrobe)","ESR (Wintrobe)","Single parameter","Haematology","Hematology","","ConflictRequiresReview","ESR — method-specific Wintrobe service/configuration","RoutineSingleParameter","Method-specific ESR must not be collapsed into generic ESR without approval","review conflict/identity, then create Draft with billing/reporting disabled only if approved"
"7","Platelet Count","","Single parameter","Haematology","Hematology","PLT — Platelet Count [Active/Routine; clinical=false]","ExactExisting","PLT — Platelet Count","RoutineSingleParameter","Platelet count versus platelet indices/profile boundary; CBC component versus standalone billable service boundary","confirm semantic/method equivalence; preserve existing identity; clinical configuration reviewed separately"
"8","Absolute Eosinophil Count","AEC","Single parameter","Haematology","Hematology","AEC — Absolute Eosinophil Count [Draft/NoClinicalReport; clinical=false]","ExactExisting","AEC — Absolute Eosinophil Count","RoutineSingleParameter","","confirm semantic/method equivalence; preserve existing identity; clinical configuration reviewed separately"
"9","Blood Group & Rh.","","Multi parameter","Haematology","Hematology","","MissingDraftCandidate","Blood Group & Rh.","RoutineMultiParameter/Profile","","review conflict/identity, then create Draft with billing/reporting disabled only if approved"
"10","Bleeding Time","BT","Single parameter","Haematology","Hematology","BT_CT.BLEEDING_TIME — Bleeding Time","ProfileComponentExisting","Bleeding Time","RoutineSingleParameter","","decide whether standalone billing identity is required; do not duplicate profile parameter automatically"
"11","Clotting Time","CT","Single parameter","Haematology","Hematology","BT_CT.CLOTTING_TIME — Clotting Time","ProfileComponentExisting","Clotting Time","RoutineSingleParameter","","decide whether standalone billing identity is required; do not duplicate profile parameter automatically"
"12","Peripheral Blood Smear","PBS / GBP","Document","Haematology","Hematology","PBS — Peripheral Blood Smear Examination (PBS) [Active/Routine; clinical=true]","AliasExisting","PBS — Peripheral Blood Smear Examination (PBS)","Document/StructuredNarrativeReview","","confirm semantic/method equivalence; preserve existing identity; clinical configuration reviewed separately"
"13","Malaria Parasite (Card Test)","MP (Card Test)","Multi parameter","Haematology","Serology & Immunology","","MissingDraftCandidate","Malaria Parasite (Card Test)","RoutineMultiParameter/Profile","Source department differs from proposed canonical discipline","review conflict/identity, then create Draft with billing/reporting disabled only if approved"
"14","Malaria Parasite (Microscopic)","MP (Microscopic)","Single parameter","Haematology","Serology & Immunology","","MissingDraftCandidate","Malaria Parasite (Microscopic)","RoutineSingleParameter","Source department differs from proposed canonical discipline","review conflict/identity, then create Draft with billing/reporting disabled only if approved"
"15","Filarial Parasite (Card Test)","MF","Single parameter","Haematology","Serology & Immunology","","MissingDraftCandidate","Filarial Parasite (Card Test)","RoutineSingleParameter","Source department differs from proposed canonical discipline","review conflict/identity, then create Draft with billing/reporting disabled only if approved"
"16","Total RBC Count","","Single parameter","Haematology","Hematology","RBC_COUNT — Red Blood Cell Count (RBC Count) [Active/Routine; clinical=false]","AliasExisting","RBC_COUNT — Red Blood Cell Count","RoutineSingleParameter","CBC component versus standalone billable service boundary","confirm semantic/method equivalence; preserve existing identity; clinical configuration reviewed separately"
"17","Hematocrit Value, Hct","Hct","Single parameter","Haematology","Hematology","PCV — Packed Cell Volume (PCV / Hematocrit) [Active/Routine; clinical=false]","AliasExisting","PCV — Packed Cell Volume / Hematocrit","RoutineSingleParameter","CBC component versus standalone billable service boundary","confirm semantic/method equivalence; preserve existing identity; clinical configuration reviewed separately"
"18","Mean Corpuscular Volume, MCV","MCV","Single parameter","Haematology","Hematology","CBC.MCV — Mean Corpuscular Volume (MCV)","ProfileComponentExisting","MCV standalone identity","RoutineSingleParameter","CBC component versus standalone billable service boundary","decide whether standalone billing identity is required; do not duplicate profile parameter automatically"
"19","Mean Cell Haemoglobin, MCH","MCH","Single parameter","Haematology","Hematology","CBC.MCH — Mean Corpuscular Hemoglobin (MCH)","ProfileComponentExisting","MCH standalone identity","RoutineSingleParameter","CBC component versus standalone billable service boundary","decide whether standalone billing identity is required; do not duplicate profile parameter automatically"
"20","Mean Cell Haemoglobin CON, MCHC","MCHC","Single parameter","Haematology","Hematology","CBC.MCHC — Mean Corpuscular Hb Conc (MCHC)","ProfileComponentExisting","MCHC standalone identity","RoutineSingleParameter","CBC component versus standalone billable service boundary","decide whether standalone billing identity is required; do not duplicate profile parameter automatically"
"21","Mean Platelet Volume, MPV","MPV","Single parameter","Haematology","Hematology","","MissingDraftCandidate","Mean Platelet Volume, MPV","RoutineSingleParameter","Platelet count versus platelet indices/profile boundary","review conflict/identity, then create Draft with billing/reporting disabled only if approved"
"22","Reticulocyte Count","","Single parameter","Haematology","Hematology","RETIC_COUNT — Reticulocyte Count [Draft/NoClinicalReport; clinical=false]","ExactExisting","RETIC_COUNT — Reticulocyte Count","RoutineSingleParameter","","confirm semantic/method equivalence; preserve existing identity; clinical configuration reviewed separately"
"23","Glucose-6-phosphate dehydrogenase","G6PD","Single parameter","Haematology","Hematology","","MissingDraftCandidate","Glucose-6-phosphate dehydrogenase","RoutineSingleParameter","","review conflict/identity, then create Draft with billing/reporting disabled only if approved"
"24","Prothrombin time, PT/INR","PT/INR","Multi parameter","Haematology","Hematology","PT_INR — Prothrombin Time / International Normalized Ratio (PT / INR) [Draft/NoClinicalReport; clinical=false]","AliasExisting","PT_INR — PT/INR (blocked pending authoritative configuration)","RoutineMultiParameter/Profile","","confirm semantic/method equivalence; preserve existing identity; clinical configuration reviewed separately"
"25","Activated partial thromboplastin time, APTT","APTT","Multi parameter","Haematology","Hematology","","MissingDraftCandidate","APTT — Activated Partial Thromboplastin Time","RoutineMultiParameter/Profile","","review conflict/identity, then create Draft with billing/reporting disabled only if approved"
"26","WBC Count","","Single parameter","Haematology","Hematology","TLC — Total Leukocyte Count (TLC / WBC) [Active/Routine; clinical=false]","ConflictRequiresReview","TLC — WBC Count alias candidate","RoutineSingleParameter","TLC/WBC/TC equivalence and duplicate billable identity","review conflict/identity, then create Draft with billing/reporting disabled only if approved"
"27","P-LCR","","Single parameter","Haematology","Hematology","","MissingDraftCandidate","P-LCR","RoutineSingleParameter","Platelet count versus platelet indices/profile boundary","review conflict/identity, then create Draft with billing/reporting disabled only if approved"
"28","R.D.W. - CV","","Single parameter","Haematology","Hematology","","MissingDraftCandidate","R.D.W. - CV","RoutineSingleParameter","CBC component versus standalone billable service boundary","review conflict/identity, then create Draft with billing/reporting disabled only if approved"
"29","P.D.W.","","Single parameter","Haematology","Hematology","","MissingDraftCandidate","P.D.W.","RoutineSingleParameter","Platelet count versus platelet indices/profile boundary","review conflict/identity, then create Draft with billing/reporting disabled only if approved"
"30","R.D.W. - SD","","Single parameter","Haematology","Hematology","","MissingDraftCandidate","R.D.W. - SD","RoutineSingleParameter","CBC component versus standalone billable service boundary","review conflict/identity, then create Draft with billing/reporting disabled only if approved"
"31","Neutrophil Lymphocyte Ratio","NLR","Single parameter","Haematology","Hematology","","MissingDraftCandidate","Neutrophil Lymphocyte Ratio","RoutineSingleParameter","","CalculationDefinitionRequired; review conflict/identity, then create Draft with billing/reporting disabled only if approved"
"32","Lupus Anticoagulant (DRVVT)","","Multi parameter","Haematology","Hematology","","MissingDraftCandidate","Lupus Anticoagulant (DRVVT)","RoutineMultiParameter/Profile","","review conflict/identity, then create Draft with billing/reporting disabled only if approved"
"33","Troponin T","","Single parameter","Haematology","Clinical Biochemistry / Immunoassay","","MissingDraftCandidate","Troponin T","RoutineSingleParameter","Source department differs from proposed canonical discipline","review conflict/identity, then create Draft with billing/reporting disabled only if approved"
"34","HEMOGLOBIN HPLC/ELECTROPHORESIS","HPLC","Multi parameter","Haematology","Hematology","","MissingDraftCandidate","HEMOGLOBIN HPLC/ELECTROPHORESIS","RoutineMultiParameter/Profile","","review conflict/identity, then create Draft with billing/reporting disabled only if approved"
"35","Leukemia DLC","","Multi parameter","Haematology","Hematology","","ConflictRequiresReview","Leukemia DLC","RoutineMultiParameter/Profile","DLC variant/duplicate and reporting-shape conflict","review conflict/identity, then create Draft with billing/reporting disabled only if approved"
"36","RBC Indices","","Multi parameter","Haematology","Hematology","","ConflictRequiresReview","RBC Indices","RoutineMultiParameter/Profile","CBC component versus standalone billable service boundary","review conflict/identity, then create Draft with billing/reporting disabled only if approved"
"37","Platelet Indices","","Multi parameter","Haematology","Hematology","","ConflictRequiresReview","Platelet Indices","RoutineMultiParameter/Profile","Platelet count versus platelet indices/profile boundary; CBC component versus standalone billable service boundary","review conflict/identity, then create Draft with billing/reporting disabled only if approved"
"38","Morphology","","Multi parameter","Haematology","Hematology","","ConflictRequiresReview","Morphology","RoutineMultiParameter/Profile","CBC component versus standalone billable service boundary","review conflict/identity, then create Draft with billing/reporting disabled only if approved"
"39","DLC 3 Parts","","Multi parameter","Haematology","Hematology","","ConflictRequiresReview","DLC 3 Parts","RoutineMultiParameter/Profile","DLC variant/duplicate and reporting-shape conflict","review conflict/identity, then create Draft with billing/reporting disabled only if approved"
"40","DLC Leukemia","","Multi parameter","Haematology","Hematology","","ConflictRequiresReview","DLC Leukemia","RoutineMultiParameter/Profile","DLC variant/duplicate and reporting-shape conflict","review conflict/identity, then create Draft with billing/reporting disabled only if approved"
"41","Procalcitonin","","Single parameter","Haematology","Endocrinology / Hormone","","ConflictRequiresReview","Procalcitonin","RoutineSingleParameter","Duplicate Procalcitonin source identities across departments; Source department differs from proposed canonical discipline","review conflict/identity, then create Draft with billing/reporting disabled only if approved"
"42","TC","TC","Single parameter","Haematology","Hematology","TLC — Total Leukocyte Count (TLC / WBC) [Active/Routine; clinical=false]","ConflictRequiresReview","TLC — TC alias candidate","RoutineSingleParameter","TLC/WBC/TC equivalence and duplicate billable identity","review conflict/identity, then create Draft with billing/reporting disabled only if approved"
"43","DLC","DLC","Single parameter","Haematology","Hematology","DLC — Differential Leukocyte Count (DLC) [Active/Routine; clinical=false]","ConflictRequiresReview","DLC — duplicate source row requiring type review","RoutineSingleParameter","DLC variant/duplicate and reporting-shape conflict","review conflict/identity, then create Draft with billing/reporting disabled only if approved"
"44","Serum Phosphorus","","Single parameter","Biochemistry","Clinical Biochemistry","PHOSPHORUS — Serum Phosphorus (Inorganic) [Active/Routine; clinical=false]","AliasExisting","PHOSPHORUS — Serum Phosphorus (Inorganic)","RoutineSingleParameter","","confirm semantic/method equivalence; preserve existing identity; clinical configuration reviewed separately"
"45","Serum Creatinine","","Single parameter","Biochemistry","Clinical Biochemistry","CREATININE — Serum Creatinine [Active/Routine; clinical=false]","ExactExisting","CREATININE — Serum Creatinine","RoutineSingleParameter","","confirm semantic/method equivalence; preserve existing identity; clinical configuration reviewed separately"
"46","Serum Urea","","Single parameter","Biochemistry","Clinical Biochemistry","UREA — Blood Urea [Active/Routine; clinical=false]","AliasExisting","UREA — Blood Urea","RoutineSingleParameter","","confirm semantic/method equivalence; preserve existing identity; clinical configuration reviewed separately"
"47","Fasting Blood Sugar","","Single parameter","Biochemistry","Clinical Biochemistry","FBS — Fasting Blood Sugar (FBS) [Active/Routine; clinical=false]","AliasExisting","FBS — Fasting Blood Sugar (FBS)","RoutineSingleParameter","","confirm semantic/method equivalence; preserve existing identity; clinical configuration reviewed separately"
"48","Blood Sugar PP","","Single parameter","Biochemistry","Clinical Biochemistry","PPBS — Post Prandial Blood Sugar (PPBS) [Active/Routine; clinical=false]","AliasExisting","PPBS — Post Prandial Blood Sugar (PPBS)","RoutineSingleParameter","","confirm semantic/method equivalence; preserve existing identity; clinical configuration reviewed separately"
"49","Serum Bilirubin (Total)","","Single parameter","Biochemistry","Clinical Biochemistry","LFT.TBIL — Bilirubin Total","ProfileComponentExisting","Serum Bilirubin (Total)","RoutineSingleParameter","","decide whether standalone billing identity is required; do not duplicate profile parameter automatically"
"50","Serum Bilirubin (Direct)","","Single parameter","Biochemistry","Clinical Biochemistry","LFT.DBIL — Bilirubin Direct","ProfileComponentExisting","Serum Bilirubin (Direct)","RoutineSingleParameter","","decide whether standalone billing identity is required; do not duplicate profile parameter automatically"
"51","Serum Bilirubin (Indirect)","","Single parameter","Biochemistry","Clinical Biochemistry","LFT.IBIL — Bilirubin Indirect","ProfileComponentExisting","Serum Bilirubin (Indirect)","RoutineSingleParameter","","decide whether standalone billing identity is required; do not duplicate profile parameter automatically"
"52","Serum Uric Acid","Uric Acid","Single parameter","Biochemistry","Clinical Biochemistry","URIC_ACID — Serum Uric Acid [Active/Routine; clinical=false]","ExactExisting","URIC_ACID — Serum Uric Acid","RoutineSingleParameter","","confirm semantic/method equivalence; preserve existing identity; clinical configuration reviewed separately"
"53","SGPT (ALT)","SGPT","Single parameter","Biochemistry","Clinical Biochemistry","ALT — ALT / SGPT [Draft/NoClinicalReport; clinical=false]","AliasExisting","ALT — ALT / SGPT","RoutineSingleParameter","","confirm semantic/method equivalence; preserve existing identity; clinical configuration reviewed separately"
"54","SGOT (AST)","SGOT","Single parameter","Biochemistry","Clinical Biochemistry","AST — AST / SGOT [Draft/NoClinicalReport; clinical=false]","AliasExisting","AST — AST / SGOT","RoutineSingleParameter","","confirm semantic/method equivalence; preserve existing identity; clinical configuration reviewed separately"
"55","Serum Protein","","Single parameter","Biochemistry","Clinical Biochemistry","LFT.TP — Total Protein | URINE_RE.PROTEIN — Protein / Albumin","ProfileComponentExisting","Serum Protein","RoutineSingleParameter","","decide whether standalone billing identity is required; do not duplicate profile parameter automatically"
"56","Serum Albumin","","Single parameter","Biochemistry","Clinical Biochemistry","LFT.ALB — Albumin","ProfileComponentExisting","Serum Albumin","RoutineSingleParameter","","decide whether standalone billing identity is required; do not duplicate profile parameter automatically"
"57","Serum Alkaline Phosphatase","","Single parameter","Biochemistry","Clinical Biochemistry","ALP — Alkaline Phosphatase [Draft/NoClinicalReport; clinical=false]","ExactExisting","ALP — Alkaline Phosphatase","RoutineSingleParameter","","confirm semantic/method equivalence; preserve existing identity; clinical configuration reviewed separately"
"58","Total Cholesterol","","Single parameter","Biochemistry","Clinical Biochemistry","CHOL_TOTAL — Total Cholesterol [Draft/NoClinicalReport; clinical=false]","ExactExisting","CHOL_TOTAL — Total Cholesterol","RoutineSingleParameter","","confirm semantic/method equivalence; preserve existing identity; clinical configuration reviewed separately"
"59","Triglycerides","","Single parameter","Biochemistry","Clinical Biochemistry","TRIGLYCERIDES — Triglycerides [Draft/NoClinicalReport; clinical=false]","ExactExisting","TRIGLYCERIDES — Triglycerides","RoutineSingleParameter","","confirm semantic/method equivalence; preserve existing identity; clinical configuration reviewed separately"
"60","HDL Cholesterol","HDL Cholesterol","Single parameter","Biochemistry","Clinical Biochemistry","HDL_CHOL — HDL Cholesterol [Draft/NoClinicalReport; clinical=false]","ExactExisting","HDL_CHOL — HDL Cholesterol","RoutineSingleParameter","","confirm semantic/method equivalence; preserve existing identity; clinical configuration reviewed separately"
"61","LDL Cholesterol","LDL Cholesterol","Single parameter","Biochemistry","Clinical Biochemistry","LDL_CHOL — LDL Cholesterol [Draft/NoClinicalReport; clinical=false]","ExactExisting","LDL_CHOL — LDL Cholesterol","RoutineSingleParameter","","confirm semantic/method equivalence; preserve existing identity; clinical configuration reviewed separately"
"62","VLDL Cholesterol","VLDL Cholesterol","Single parameter","Biochemistry","Clinical Biochemistry","LIPID_PROFILE.VLDL — VLDL Cholesterol","ProfileComponentExisting","VLDL Cholesterol","RoutineSingleParameter","","decide whether standalone billing identity is required; do not duplicate profile parameter automatically"
"63","LDL / HDL","","Single parameter","Biochemistry","Clinical Biochemistry","","ConflictRequiresReview","LDL/HDL ratio — calculation candidate","RoutineSingleParameter","","review conflict/identity, then create Draft with billing/reporting disabled only if approved"
"64","Total Cholesterol / HDL","","Single parameter","Biochemistry","Clinical Biochemistry","","ConflictRequiresReview","Total Cholesterol/HDL ratio — calculation candidate","RoutineSingleParameter","","review conflict/identity, then create Draft with billing/reporting disabled only if approved"
"65","TG / HDL","","Single parameter","Biochemistry","Clinical Biochemistry","","ConflictRequiresReview","TG/HDL ratio — calculation candidate","RoutineSingleParameter","","review conflict/identity, then create Draft with billing/reporting disabled only if approved"
"66","Total Lipid","","Single parameter","Biochemistry","Clinical Biochemistry","LIPID — Lipid Profile [Active/Routine; clinical=true] | LIPID_PROFILE — Lipid Profile [Active/Routine; clinical=false]","ConflictRequiresReview","Total Lipid","RoutineSingleParameter","","review conflict/identity, then create Draft with billing/reporting disabled only if approved"
"67","Serum Sodium","","Single parameter","Biochemistry","Clinical Biochemistry","SODIUM — Serum Sodium (Na+) [Active/Routine; clinical=false]","AliasExisting","SODIUM — Serum Sodium (Na+)","RoutineSingleParameter","","confirm semantic/method equivalence; preserve existing identity; clinical configuration reviewed separately"
"68","BUN","","Single parameter","Biochemistry","Clinical Biochemistry","","MissingDraftCandidate","BUN","RoutineSingleParameter","","review conflict/identity, then create Draft with billing/reporting disabled only if approved"
"69","BUN / Creatinine Ratio","","Single parameter","Biochemistry","Clinical Biochemistry","","ConflictRequiresReview","BUN/Creatinine ratio — calculation candidate","RoutineSingleParameter","","CalculationDefinitionRequired; review conflict/identity, then create Draft with billing/reporting disabled only if approved"
"70","Urea / Creatinine Ratio","","Single parameter","Biochemistry","Clinical Biochemistry","","ConflictRequiresReview","Urea/Creatinine ratio — calculation candidate","RoutineSingleParameter","","CalculationDefinitionRequired; review conflict/identity, then create Draft with billing/reporting disabled only if approved"
"71","Serum Potassium","","Single parameter","Biochemistry","Clinical Biochemistry","POTASSIUM — Serum Potassium (K+) [Active/Routine; clinical=false]","AliasExisting","POTASSIUM — Serum Potassium (K+)","RoutineSingleParameter","","confirm semantic/method equivalence; preserve existing identity; clinical configuration reviewed separately"
"72","iCalcium","","Single parameter","Biochemistry","Clinical Biochemistry","","MissingDraftCandidate","iCalcium","RoutineSingleParameter","","review conflict/identity, then create Draft with billing/reporting disabled only if approved"
"73","Serum Calcium","","Single parameter","Biochemistry","Clinical Biochemistry","CALCIUM — Serum Calcium (Total) [Active/Routine; clinical=false]","ConflictRequiresReview","CALCIUM — Serum Calcium (Total)","RoutineSingleParameter","","review conflict/identity, then create Draft with billing/reporting disabled only if approved"
"74","Total Calcium","","Single parameter","Biochemistry","Clinical Biochemistry","CALCIUM — Serum Calcium (Total) [Active/Routine; clinical=false]","ConflictRequiresReview","CALCIUM — Serum Calcium (Total)","RoutineSingleParameter","","review conflict/identity, then create Draft with billing/reporting disabled only if approved"
"75","Glucose Tolerance Test, GTT","GTT","Multi parameter","Biochemistry","Clinical Biochemistry","","MissingDraftCandidate","Glucose Tolerance Test, GTT","RoutineMultiParameter/Profile","","review conflict/identity, then create Draft with billing/reporting disabled only if approved"
"76","Random Blood Sugar","","Single parameter","Biochemistry","Clinical Biochemistry","RBS — Random Blood Sugar (RBS) [Active/Routine; clinical=false]","AliasExisting","RBS — Random Blood Sugar (RBS)","RoutineSingleParameter","","confirm semantic/method equivalence; preserve existing identity; clinical configuration reviewed separately"
"77","Serum Chloride","","Single parameter","Biochemistry","Clinical Biochemistry","CHLORIDE — Serum Chloride (Cl-) [Active/Routine; clinical=false]","AliasExisting","CHLORIDE — Serum Chloride (Cl-)","RoutineSingleParameter","","confirm semantic/method equivalence; preserve existing identity; clinical configuration reviewed separately"
"78","Serum Amylase","","Single parameter","Biochemistry","Clinical Biochemistry","AMYLASE — Amylase [Draft/NoClinicalReport; clinical=false]","ExactExisting","AMYLASE — Amylase","RoutineSingleParameter","","confirm semantic/method equivalence; preserve existing identity; clinical configuration reviewed separately"
"79","HbA1c (Glycosylated Hemoglobin)","","Multi parameter","Biochemistry","Clinical Biochemistry","HBA1C — Glycated Hemoglobin (HbA1c) [Active/Routine; clinical=false]","AliasExisting","HBA1C — Glycated Hemoglobin (HbA1c)","RoutineMultiParameter/Profile","","confirm semantic/method equivalence; preserve existing identity; clinical configuration reviewed separately"
"80","A/G Ratio","","Single parameter","Biochemistry","Clinical Biochemistry","LFT.AG_RATIO — A:G Ratio","ConflictRequiresReview","Albumin/Globulin ratio — calculation candidate","RoutineSingleParameter","","CalculationDefinitionRequired; review conflict/identity, then create Draft with billing/reporting disabled only if approved"
"81","Globulin","","Single parameter","Biochemistry","Clinical Biochemistry","GLOBULIN — Globulin [Draft/NoClinicalReport; clinical=false]","ExactExisting","GLOBULIN — Globulin","RoutineSingleParameter","","confirm semantic/method equivalence; preserve existing identity; clinical configuration reviewed separately"
"82","Lipase","","Single parameter","Biochemistry","Clinical Biochemistry","LIPASE — Lipase [Draft/NoClinicalReport; clinical=false]","ExactExisting","LIPASE — Lipase","RoutineSingleParameter","","confirm semantic/method equivalence; preserve existing identity; clinical configuration reviewed separately"
"83","Ferritin","","Single parameter","Biochemistry","Clinical Biochemistry","FERRITIN — Serum Ferritin [Active/Routine; clinical=false]","ExactExisting","FERRITIN — Serum Ferritin","RoutineSingleParameter","","confirm semantic/method equivalence; preserve existing identity; clinical configuration reviewed separately"
"84","Microalbumin Creatinine Ratio, Urine Random","","Multi parameter","Biochemistry","Clinical Pathology","","MissingDraftCandidate","Microalbumin Creatinine Ratio, Urine Random","RoutineMultiParameter/Profile","Source department differs from proposed canonical discipline","CalculationDefinitionRequired; review conflict/identity, then create Draft with billing/reporting disabled only if approved"
"85","CPK-MB","","Single parameter","Biochemistry","Clinical Biochemistry","CK_MB — Creatine Kinase MB [Draft/NoClinicalReport; clinical=false]","ConflictRequiresReview","CK_MB — CK-MB","RoutineSingleParameter","CPK-MB/CK-MB duplicate candidate","review conflict/identity, then create Draft with billing/reporting disabled only if approved"
"86","Stool reducing substances","","Single parameter","Biochemistry","Clinical Pathology","","MissingDraftCandidate","Stool reducing substances","RoutineSingleParameter","Source department differs from proposed canonical discipline","review conflict/identity, then create Draft with billing/reporting disabled only if approved"
"87","25 Hydroxy (OH) Vitamin D","Vitamin D3","Single parameter","Biochemistry","Clinical Biochemistry","VITAMIN_D — 25-Hydroxy Vitamin D (Total) [Active/Routine; clinical=false]","AliasExisting","VITAMIN_D — 25-Hydroxy Vitamin D (Total)","RoutineSingleParameter","","confirm semantic/method equivalence; preserve existing identity; clinical configuration reviewed separately"
"88","Vitamin B12","","Single parameter","Biochemistry","Clinical Biochemistry","VITAMIN_B12 — Vitamin B12 (Cyanocobalamin) [Active/Routine; clinical=false]","AliasExisting","VITAMIN_B12 — Vitamin B12 (Cyanocobalamin)","RoutineSingleParameter","","confirm semantic/method equivalence; preserve existing identity; clinical configuration reviewed separately"
"89","Gamma Glutamyl Transferase, GGT","GGT","Single parameter","Biochemistry","Clinical Biochemistry","GGT — Gamma-Glutamyl Transferase [Draft/NoClinicalReport; clinical=false]","AliasExisting","GGT — Gamma-Glutamyl Transferase","RoutineSingleParameter","","confirm semantic/method equivalence; preserve existing identity; clinical configuration reviewed separately"
"90","Serum IgE","","Single parameter","Biochemistry","Clinical Biochemistry","","MissingDraftCandidate","Serum IgE","RoutineSingleParameter","","review conflict/identity, then create Draft with billing/reporting disabled only if approved"
"91","Serum IgG","","Single parameter","Biochemistry","Clinical Biochemistry","","MissingDraftCandidate","Serum IgG","RoutineSingleParameter","","review conflict/identity, then create Draft with billing/reporting disabled only if approved"
"92","Serum IgM","","Single parameter","Biochemistry","Clinical Biochemistry","","MissingDraftCandidate","Serum IgM","RoutineSingleParameter","","review conflict/identity, then create Draft with billing/reporting disabled only if approved"
"93","Serum IgA","","Single parameter","Biochemistry","Clinical Biochemistry","","MissingDraftCandidate","Serum IgA","RoutineSingleParameter","","review conflict/identity, then create Draft with billing/reporting disabled only if approved"
"94","HSV-1/2 IgG","","Single parameter","Biochemistry","Clinical Biochemistry","","MissingDraftCandidate","HSV-1/2 IgG","RoutineSingleParameter","","review conflict/identity, then create Draft with billing/reporting disabled only if approved"
"95","HSV-1/2 IgM","","Single parameter","Biochemistry","Clinical Biochemistry","","MissingDraftCandidate","HSV-1/2 IgM","RoutineSingleParameter","","review conflict/identity, then create Draft with billing/reporting disabled only if approved"
"96","HSV-2 IgG","","Single parameter","Biochemistry","Clinical Biochemistry","","MissingDraftCandidate","HSV-2 IgG","RoutineSingleParameter","","review conflict/identity, then create Draft with billing/reporting disabled only if approved"
"97","CMV IgG","","Single parameter","Biochemistry","Clinical Biochemistry","","MissingDraftCandidate","CMV IgG","RoutineSingleParameter","","review conflict/identity, then create Draft with billing/reporting disabled only if approved"
"98","CMV IgM","","Single parameter","Biochemistry","Clinical Biochemistry","","MissingDraftCandidate","CMV IgM","RoutineSingleParameter","","review conflict/identity, then create Draft with billing/reporting disabled only if approved"
"99","Rubella IgG","","Single parameter","Biochemistry","Clinical Biochemistry","","MissingDraftCandidate","Rubella IgG","RoutineSingleParameter","","review conflict/identity, then create Draft with billing/reporting disabled only if approved"
"100","Rubella IgM","","Single parameter","Biochemistry","Clinical Biochemistry","","MissingDraftCandidate","Rubella IgM","RoutineSingleParameter","","review conflict/identity, then create Draft with billing/reporting disabled only if approved"
"101","Anti TPO","","Single parameter","Biochemistry","Clinical Biochemistry","","MissingDraftCandidate","Anti TPO","RoutineSingleParameter","","review conflict/identity, then create Draft with billing/reporting disabled only if approved"
"102","Thyroglobulin (TG)","","Single parameter","Biochemistry","Endocrinology / Hormone","","MissingDraftCandidate","Thyroglobulin (TG)","RoutineSingleParameter","Source department differs from proposed canonical discipline","review conflict/identity, then create Draft with billing/reporting disabled only if approved"
"103","Thyroglobulin Antibody (TgAb)","","Single parameter","Biochemistry","Endocrinology / Hormone","","MissingDraftCandidate","Thyroglobulin Antibody (TgAb)","RoutineSingleParameter","Source department differs from proposed canonical discipline","review conflict/identity, then create Draft with billing/reporting disabled only if approved"
"104","Toxo IgG","","Single parameter","Biochemistry","Clinical Biochemistry","","MissingDraftCandidate","Toxo IgG","RoutineSingleParameter","","review conflict/identity, then create Draft with billing/reporting disabled only if approved"
"105","Toxo IgM","","Single parameter","Biochemistry","Clinical Biochemistry","","MissingDraftCandidate","Toxo IgM","RoutineSingleParameter","","review conflict/identity, then create Draft with billing/reporting disabled only if approved"
"106","Estradiol","","Single parameter","Biochemistry","Endocrinology / Hormone","","MissingDraftCandidate","Estradiol","RoutineSingleParameter","Source department differs from proposed canonical discipline","review conflict/identity, then create Draft with billing/reporting disabled only if approved"
"107","DHEA","","Single parameter","Biochemistry","Endocrinology / Hormone","","MissingDraftCandidate","DHEA","RoutineSingleParameter","Source department differs from proposed canonical discipline","review conflict/identity, then create Draft with billing/reporting disabled only if approved"
"108","Troponin I","","Single parameter","Biochemistry","Clinical Biochemistry / Immunoassay","","MissingDraftCandidate","Troponin I","RoutineSingleParameter","Source department differs from proposed canonical discipline","review conflict/identity, then create Draft with billing/reporting disabled only if approved"
"109","Creatine Kinase","CPK-Total","Single parameter","Biochemistry","Clinical Biochemistry","CK_TOTAL — Creatine Kinase Total [Draft/NoClinicalReport; clinical=false]","ExactExisting","CK_TOTAL — Creatine Kinase Total","RoutineSingleParameter","","confirm semantic/method equivalence; preserve existing identity; clinical configuration reviewed separately"
"110","CK-MB","","Single parameter","Biochemistry","Clinical Biochemistry","CK_MB — Creatine Kinase MB [Draft/NoClinicalReport; clinical=false]","ConflictRequiresReview","CK_MB — CK-MB","RoutineSingleParameter","CPK-MB/CK-MB duplicate candidate","review conflict/identity, then create Draft with billing/reporting disabled only if approved"
"111","D-Dimer","","Single parameter","Biochemistry","Clinical Biochemistry","","MissingDraftCandidate","D-Dimer","RoutineSingleParameter","","review conflict/identity, then create Draft with billing/reporting disabled only if approved"
"112","Calcitonin","","Single parameter","Biochemistry","Endocrinology / Hormone","","MissingDraftCandidate","Calcitonin","RoutineSingleParameter","Source department differs from proposed canonical discipline","review conflict/identity, then create Draft with billing/reporting disabled only if approved"
"113","Indirect Coomb's Test","","Single parameter","Biochemistry","Clinical Biochemistry","","MissingDraftCandidate","Indirect Coomb's Test","RoutineSingleParameter","","review conflict/identity, then create Draft with billing/reporting disabled only if approved"
"114","Direct Coomb's Test","","Single parameter","Biochemistry","Clinical Biochemistry","","MissingDraftCandidate","Direct Coomb's Test","RoutineSingleParameter","","review conflict/identity, then create Draft with billing/reporting disabled only if approved"
"115","CA 125","","Single parameter","Biochemistry","Clinical Biochemistry","","MissingDraftCandidate","CA 125","RoutineSingleParameter","","review conflict/identity, then create Draft with billing/reporting disabled only if approved"
"116","CA 15-3","","Single parameter","Biochemistry","Clinical Biochemistry","","MissingDraftCandidate","CA 15-3","RoutineSingleParameter","","review conflict/identity, then create Draft with billing/reporting disabled only if approved"
"117","CA 19-9","","Single parameter","Biochemistry","Clinical Biochemistry","","MissingDraftCandidate","CA 19-9","RoutineSingleParameter","","review conflict/identity, then create Draft with billing/reporting disabled only if approved"
"118","CA 50","","Single parameter","Biochemistry","Clinical Biochemistry","","MissingDraftCandidate","CA 50","RoutineSingleParameter","","review conflict/identity, then create Draft with billing/reporting disabled only if approved"
"119","CA 242","","Single parameter","Biochemistry","Clinical Biochemistry","","MissingDraftCandidate","CA 242","RoutineSingleParameter","","review conflict/identity, then create Draft with billing/reporting disabled only if approved"
"120","CA 72-4","","Single parameter","Biochemistry","Clinical Biochemistry","","MissingDraftCandidate","CA 72-4","RoutineSingleParameter","","review conflict/identity, then create Draft with billing/reporting disabled only if approved"
"121","H-ALB","","Single parameter","Biochemistry","Clinical Biochemistry","","MissingDraftCandidate","H-ALB","RoutineSingleParameter","","review conflict/identity, then create Draft with billing/reporting disabled only if approved"
"122","Anti cyclic-citrullinated-peptide","CCP","Single parameter","Biochemistry","Clinical Biochemistry","","MissingDraftCandidate","Anti cyclic-citrullinated-peptide","RoutineSingleParameter","","review conflict/identity, then create Draft with billing/reporting disabled only if approved"
"123","Arterial Blood Gas","ABG","Multi parameter","Biochemistry","Clinical Biochemistry","","MissingDraftCandidate","Arterial Blood Gas","RoutineMultiParameter/Profile","","review conflict/identity, then create Draft with billing/reporting disabled only if approved"
"124","Iron","","Single parameter","Biochemistry","Clinical Biochemistry","IRON — Serum Iron [Active/Routine; clinical=false]","ExactExisting","IRON — Serum Iron","RoutineSingleParameter","","confirm semantic/method equivalence; preserve existing identity; clinical configuration reviewed separately"
"125","Total Iron Binding Capacity (TIBC)","","Single parameter","Biochemistry","Clinical Biochemistry","TIBC — Total Iron Binding Capacity (TIBC) [Active/Routine; clinical=false]","ExactExisting","TIBC — Total Iron Binding Capacity (TIBC)","RoutineSingleParameter","","confirm semantic/method equivalence; preserve existing identity; clinical configuration reviewed separately"
"126","Transferrin Saturation","","Single parameter","Biochemistry","Clinical Biochemistry","","ConflictRequiresReview","Transferrin Saturation — calculation candidate","RoutineSingleParameter","","CalculationDefinitionRequired; review conflict/identity, then create Draft with billing/reporting disabled only if approved"
"127","Non-HDL cholesterol","","Single parameter","Biochemistry","Clinical Biochemistry","","ConflictRequiresReview","Non-HDL Cholesterol — calculation candidate","RoutineSingleParameter","","CalculationDefinitionRequired; review conflict/identity, then create Draft with billing/reporting disabled only if approved"
"128","UIBC","","Single parameter","Biochemistry","Clinical Biochemistry","","MissingDraftCandidate","UIBC","RoutineSingleParameter","","review conflict/identity, then create Draft with billing/reporting disabled only if approved"
"129","eGFR","","Single parameter","Biochemistry","Clinical Biochemistry","EGFR — Estimated Glomerular Filtration Rate [Draft/NoClinicalReport; clinical=false]","ConflictRequiresReview","EGFR — calculation candidate","RoutineSingleParameter","","CalculationDefinitionRequired; review conflict/identity, then create Draft with billing/reporting disabled only if approved"
"130","eGFR Category","","Single parameter","Biochemistry","Clinical Biochemistry","","ConflictRequiresReview","eGFR Category — derived interpretation","RoutineSingleParameter","","CalculationDefinitionRequired; review conflict/identity, then create Draft with billing/reporting disabled only if approved"
"131","C3 Complement","C3","Single parameter","Biochemistry","Clinical Biochemistry","","MissingDraftCandidate","C3 Complement","RoutineSingleParameter","","review conflict/identity, then create Draft with billing/reporting disabled only if approved"
"132","High-Sensitivity C-Reactive Protein","HsCRP","Single parameter","Biochemistry","Clinical Biochemistry","","MissingDraftCandidate","High-Sensitivity C-Reactive Protein","RoutineSingleParameter","","review conflict/identity, then create Draft with billing/reporting disabled only if approved"
"133","ANTI MULLERIAN HORMONE","AMH","Single parameter","Biochemistry","Endocrinology / Hormone","","MissingDraftCandidate","ANTI MULLERIAN HORMONE","RoutineSingleParameter","Source department differs from proposed canonical discipline","review conflict/identity, then create Draft with billing/reporting disabled only if approved"
"134","Ammonia","","Single parameter","Biochemistry","Clinical Biochemistry","","MissingDraftCandidate","Ammonia","RoutineSingleParameter","","review conflict/identity, then create Draft with billing/reporting disabled only if approved"
"135","Magnesium","","Single parameter","Biochemistry","Clinical Biochemistry","MAGNESIUM — Serum Magnesium [Active/Routine; clinical=false]","ExactExisting","MAGNESIUM — Serum Magnesium","RoutineSingleParameter","","confirm semantic/method equivalence; preserve existing identity; clinical configuration reviewed separately"
"136","Glucose Tolerance Test, GTT (Pregnancy)","","Multi parameter","Biochemistry","Clinical Biochemistry","","MissingDraftCandidate","Glucose Tolerance Test, GTT (Pregnancy)","RoutineMultiParameter/Profile","","review conflict/identity, then create Draft with billing/reporting disabled only if approved"
"137","SGOT/SGPT","","Single parameter","Biochemistry","Clinical Biochemistry","","ConflictRequiresReview","AST/ALT ratio — calculation candidate","RoutineSingleParameter","","CalculationDefinitionRequired; review conflict/identity, then create Draft with billing/reporting disabled only if approved"
"138","NT- ProBNP (N-TERMINAL PRO B TYPE NATRIURETIC PEPTIDE)","NT- ProBNP","Single parameter","Biochemistry","Clinical Biochemistry","","MissingDraftCandidate","NT- ProBNP (N-TERMINAL PRO B TYPE NATRIURETIC PEPTIDE)","RoutineSingleParameter","","review conflict/identity, then create Draft with billing/reporting disabled only if approved"
"139","Glucose Challenge Test (GCT); Pregnancy , 75g Glucose","GCT","Single parameter","Biochemistry","Clinical Biochemistry","","MissingDraftCandidate","Glucose Challenge Test (GCT); Pregnancy , 75g Glucose","RoutineSingleParameter","","review conflict/identity, then create Draft with billing/reporting disabled only if approved"
"140","Serum Procalcitonin","PCT","Single parameter","Biochemistry","Endocrinology / Hormone","","ConflictRequiresReview","Procalcitonin — reconcile with source #41","RoutineSingleParameter","Duplicate Procalcitonin source identities across departments; Source department differs from proposed canonical discipline","review conflict/identity, then create Draft with billing/reporting disabled only if approved"
"141","Urine Protein Creatinine Ratio","UPCR","Single parameter","Biochemistry","Molecular Diagnostics","","MissingDraftCandidate","Urine Protein Creatinine Ratio","RoutineSingleParameter","Source department differs from proposed canonical discipline","CalculationDefinitionRequired; review conflict/identity, then create Draft with billing/reporting disabled only if approved"
"142","Serum Cholinesterase","","Single parameter","Biochemistry","Clinical Biochemistry","","MissingDraftCandidate","Serum Cholinesterase","RoutineSingleParameter","","review conflict/identity, then create Draft with billing/reporting disabled only if approved"
"143","Serum Zinc","","Single parameter","Biochemistry","Clinical Biochemistry","","MissingDraftCandidate","Serum Zinc","RoutineSingleParameter","","review conflict/identity, then create Draft with billing/reporting disabled only if approved"
"144","Fasting Insulin","","Single parameter","Biochemistry","Endocrinology / Hormone","","MissingDraftCandidate","Fasting Insulin","RoutineSingleParameter","Source department differs from proposed canonical discipline","review conflict/identity, then create Draft with billing/reporting disabled only if approved"
"145","Bile Acid","","Multi parameter","Biochemistry","Clinical Biochemistry","","MissingDraftCandidate","Bile Acid","RoutineMultiParameter/Profile","","review conflict/identity, then create Draft with billing/reporting disabled only if approved"
"146","Homocysteine","","Single parameter","Biochemistry","Clinical Biochemistry","","MissingDraftCandidate","Homocysteine","RoutineSingleParameter","","review conflict/identity, then create Draft with billing/reporting disabled only if approved"
"147","Serum LDH","","Single parameter","Biochemistry","Clinical Biochemistry","LDH — Lactate Dehydrogenase (LDH) [Draft/NoClinicalReport; clinical=false]","AliasExisting","LDH — Lactate Dehydrogenase (LDH)","RoutineSingleParameter","","confirm semantic/method equivalence; preserve existing identity; clinical configuration reviewed separately"
"148","Oral Glucose Challenge Test","OGCT","Single parameter","Biochemistry","Clinical Biochemistry","","MissingDraftCandidate","Oral Glucose Challenge Test","RoutineSingleParameter","","review conflict/identity, then create Draft with billing/reporting disabled only if approved"
"149","DOUBLE MARKER, MATERNAL SCREEN-2 TESTS","","Multi parameter","Biochemistry","Clinical Biochemistry","","MissingDraftCandidate","DOUBLE MARKER, MATERNAL SCREEN-2 TESTS","RoutineMultiParameter/Profile","","review conflict/identity, then create Draft with billing/reporting disabled only if approved"
"150","Adenosine Deaminase","ADA","Multi parameter","Biochemistry","Clinical Biochemistry","","MissingDraftCandidate","Adenosine Deaminase","RoutineMultiParameter/Profile","","review conflict/identity, then create Draft with billing/reporting disabled only if approved"
"151","Ascitic Fluid Examination","AFE","Multi parameter","Biochemistry","Clinical Pathology","","SpecialistWorkflowRequired","Ascitic Fluid Examination","StructuredClinicalPathology","Source department differs from proposed canonical discipline","create/complete dedicated StructuredClinicalPathology workflow before enabling reporting"
"152","ADA (Pleural,Pericardial or Ascitic Fluid)","ADA (Pleural,Pericardial or Ascitic Fluid)","Single parameter","Biochemistry","Clinical Biochemistry","","MissingDraftCandidate","ADA (Pleural,Pericardial or Ascitic Fluid)","RoutineSingleParameter","","review conflict/identity, then create Draft with billing/reporting disabled only if approved"
"153","Widal (Tube Method)","","Document","Serology & Immunology","Serology & Immunology","","MissingDraftCandidate","Widal (Tube Method)","Document/StructuredNarrativeReview","","review conflict/identity, then create Draft with billing/reporting disabled only if approved"
"154","Widal (Slide Method)","","Document","Serology & Immunology","Serology & Immunology","","DuplicateCandidate","Widal (Slide Method)","Document/StructuredNarrativeReview","","review conflict/identity, then create Draft with billing/reporting disabled only if approved"
"155","Widal Test (Slide Method)","","Multi parameter","Serology & Immunology","Serology & Immunology","","DuplicateCandidate","Widal Test (Slide Method)","RoutineMultiParameter/Profile","","review conflict/identity, then create Draft with billing/reporting disabled only if approved"
"156","Malaria Antigen","","Multi parameter","Serology & Immunology","Serology & Immunology","","MissingDraftCandidate","Malaria Antigen","RoutineMultiParameter/Profile","","review conflict/identity, then create Draft with billing/reporting disabled only if approved"
"157","HIV (Card Test)","","Multi parameter","Serology & Immunology","Serology & Immunology","","MissingDraftCandidate","HIV (Card Test)","RoutineMultiParameter/Profile","","review conflict/identity, then create Draft with billing/reporting disabled only if approved"
"158","Hepatitis C Virus, HCV","HCV","Single parameter","Serology & Immunology","Serology & Immunology","","MissingDraftCandidate","Hepatitis C Virus, HCV","RoutineSingleParameter","","review conflict/identity, then create Draft with billing/reporting disabled only if approved"
"159","VDRL","","Single parameter","Serology & Immunology","Serology & Immunology","VDRL — VDRL / RPR (Syphilis Serology) [Active/Routine; clinical=true]","AliasExisting","VDRL — VDRL / RPR (Syphilis Serology)","RoutineSingleParameter","","confirm semantic/method equivalence; preserve existing identity; clinical configuration reviewed separately"
"160","HBsAg","","Single parameter","Serology & Immunology","Serology & Immunology","HBSAG — Hepatitis B Surface Antigen (HBsAg) [Active/Routine; clinical=true]","AliasExisting","HBSAG — Hepatitis B Surface Antigen (HBsAg)","RoutineSingleParameter","","confirm semantic/method equivalence; preserve existing identity; clinical configuration reviewed separately"
"161","Occult Blood, Stool","","Single parameter","Serology & Immunology","Clinical Pathology","","MissingDraftCandidate","Occult Blood, Stool","RoutineSingleParameter","Source department differs from proposed canonical discipline","review conflict/identity, then create Draft with billing/reporting disabled only if approved"
"162","Typhidot Antibodies","","Multi parameter","Serology & Immunology","Serology & Immunology","","MissingDraftCandidate","Typhidot Antibodies","RoutineMultiParameter/Profile","","review conflict/identity, then create Draft with billing/reporting disabled only if approved"
"163","Rubella","","Multi parameter","Serology & Immunology","Serology & Immunology","","MissingDraftCandidate","Rubella","RoutineMultiParameter/Profile","","review conflict/identity, then create Draft with billing/reporting disabled only if approved"
"164","Chikungunya","","Single parameter","Serology & Immunology","Serology & Immunology","","MissingDraftCandidate","Chikungunya","RoutineSingleParameter","","review conflict/identity, then create Draft with billing/reporting disabled only if approved"
"165","Antistreptolysin O, ASO Titer","ASO Titer","Single parameter","Serology & Immunology","Serology & Immunology","ASO.ASO_VAL — ASO Titer","ProfileComponentExisting","Antistreptolysin O, ASO Titer","RoutineSingleParameter","","decide whether standalone billing identity is required; do not duplicate profile parameter automatically"
"166","Rheumatoid Factor, RA (Quantitative)","RA (Quantitative)","Single parameter","Serology & Immunology","Serology & Immunology","","MissingDraftCandidate","Rheumatoid Factor, RA (Quantitative)","RoutineSingleParameter","","review conflict/identity, then create Draft with billing/reporting disabled only if approved"
"167","Rheumatoid Factor, RA (Qualitative)","RA (Qualitative)","Single parameter","Serology & Immunology","Serology & Immunology","","MissingDraftCandidate","Rheumatoid Factor, RA (Qualitative)","RoutineSingleParameter","","review conflict/identity, then create Draft with billing/reporting disabled only if approved"
"168","C-Reactive Protein, CRP (Quantitative)","CRP (Quantitative)","Single parameter","Serology & Immunology","Serology & Immunology","CRP — C-Reactive Protein (CRP, Quantitative) [Active/Routine; clinical=false]","ExactExisting","CRP — C-Reactive Protein (CRP, Quantitative)","RoutineSingleParameter","","confirm semantic/method equivalence; preserve existing identity; clinical configuration reviewed separately"
"169","C-Reactive Protein, CRP (Qualitative)","CRP (Qualitative)","Single parameter","Serology & Immunology","Serology & Immunology","","MissingDraftCandidate","C-Reactive Protein, CRP (Qualitative)","RoutineSingleParameter","","review conflict/identity, then create Draft with billing/reporting disabled only if approved"
"170","Dengue NS1 Antigen","","Single parameter","Serology & Immunology","Serology & Immunology","DENGUE_NS1.DENGUE_NS1_RES — Dengue NS1 Antigen","ConflictRequiresReview","Dengue NS1 — distinct assay identity","RoutineSingleParameter","Dengue antigen/antibody/method variants are clinically and commercially distinct","review conflict/identity, then create Draft with billing/reporting disabled only if approved"
"171","Dengue (Card Method)","","Multi parameter","Serology & Immunology","Serology & Immunology","","ConflictRequiresReview","Dengue card panel — method/panel identity","RoutineMultiParameter/Profile","Dengue antigen/antibody/method variants are clinically and commercially distinct","review conflict/identity, then create Draft with billing/reporting disabled only if approved"
"172","Beta Human Chorionic Gonodotropin (HCG)","Beta hCG","Single parameter","Serology & Immunology","Serology & Immunology","BETA HCG — Beta HCG [Active/Routine; clinical=true] | BETA_HCG — Beta-Human Chorionic Gonadotropin (Beta-hCG) [Active/Routine; clinical=false]","ConflictRequiresReview","BETA_HCG — Beta-hCG","RoutineSingleParameter","Multiple existing Beta-hCG identities/departments","review conflict/identity, then create Draft with billing/reporting disabled only if approved"
"173","Free PSA","","Single parameter","Serology & Immunology","Serology & Immunology","","MissingDraftCandidate","Free PSA","RoutineSingleParameter","","review conflict/identity, then create Draft with billing/reporting disabled only if approved"
"174","IgA (Urine)","","Single parameter","Serology & Immunology","Clinical Pathology","","MissingDraftCandidate","IgA (Urine)","RoutineSingleParameter","Source department differs from proposed canonical discipline","review conflict/identity, then create Draft with billing/reporting disabled only if approved"
"175","Total PSA","","Single parameter","Serology & Immunology","Serology & Immunology","PSA — Prostate Specific Antigen (PSA, Total) [Active/Routine; clinical=false]","AliasExisting","PSA — Prostate Specific Antigen (PSA, Total)","RoutineSingleParameter","","confirm semantic/method equivalence; preserve existing identity; clinical configuration reviewed separately"
"176","Anti-HBc","","Single parameter","Serology & Immunology","Serology & Immunology","","MissingDraftCandidate","Anti-HBc","RoutineSingleParameter","","review conflict/identity, then create Draft with billing/reporting disabled only if approved"
"177","Anti-HBs","","Single parameter","Serology & Immunology","Serology & Immunology","","MissingDraftCandidate","Anti-HBs","RoutineSingleParameter","","review conflict/identity, then create Draft with billing/reporting disabled only if approved"
"178","Anti-HBe","","Single parameter","Serology & Immunology","Serology & Immunology","","MissingDraftCandidate","Anti-HBe","RoutineSingleParameter","","review conflict/identity, then create Draft with billing/reporting disabled only if approved"
"179","HBeAg","","Single parameter","Serology & Immunology","Serology & Immunology","","MissingDraftCandidate","HBeAg","RoutineSingleParameter","","review conflict/identity, then create Draft with billing/reporting disabled only if approved"
"180","Anti-HAV","","Single parameter","Serology & Immunology","Serology & Immunology","","ConflictRequiresReview","Anti-HAV — antibody identity requiring assay review","RoutineSingleParameter","HAV total/IgM/IgG and qualitative/panel variants require assay-level review","review conflict/identity, then create Draft with billing/reporting disabled only if approved"
"181","HAV IgM","","Single parameter","Serology & Immunology","Serology & Immunology","","ConflictRequiresReview","HAV IgM","RoutineSingleParameter","HAV total/IgM/IgG and qualitative/panel variants require assay-level review","review conflict/identity, then create Draft with billing/reporting disabled only if approved"
"182","Anti Nuclear Antibody (ANA) by ELISA","","Single parameter","Serology & Immunology","Serology & Immunology","","MissingDraftCandidate","Anti Nuclear Antibody (ANA) by ELISA","RoutineSingleParameter","","review conflict/identity, then create Draft with billing/reporting disabled only if approved"
"183","Insulin Random","","Single parameter","Serology & Immunology","Endocrinology / Hormone","","MissingDraftCandidate","Insulin Random","RoutineSingleParameter","Source department differs from proposed canonical discipline","review conflict/identity, then create Draft with billing/reporting disabled only if approved"
"184","Testosterone Free","","Single parameter","Serology & Immunology","Endocrinology / Hormone","","MissingDraftCandidate","Testosterone Free","RoutineSingleParameter","Source department differs from proposed canonical discipline","review conflict/identity, then create Draft with billing/reporting disabled only if approved"
"185","Testosterone Total","","Single parameter","Serology & Immunology","Endocrinology / Hormone","","MissingDraftCandidate","Testosterone Total","RoutineSingleParameter","Source department differs from proposed canonical discipline","review conflict/identity, then create Draft with billing/reporting disabled only if approved"
"186","Progesterone","","Single parameter","Serology & Immunology","Endocrinology / Hormone","","MissingDraftCandidate","Progesterone","RoutineSingleParameter","Source department differs from proposed canonical discipline","review conflict/identity, then create Draft with billing/reporting disabled only if approved"
"187","Myoglobin","","Single parameter","Serology & Immunology","Clinical Biochemistry / Immunoassay","","MissingDraftCandidate","Myoglobin","RoutineSingleParameter","Source department differs from proposed canonical discipline","review conflict/identity, then create Draft with billing/reporting disabled only if approved"
"188","Beta 2 Glycoprotein 1, IgG","","Single parameter","Serology & Immunology","Serology & Immunology","","MissingDraftCandidate","Beta 2 Glycoprotein 1, IgG","RoutineSingleParameter","","review conflict/identity, then create Draft with billing/reporting disabled only if approved"
"189","Beta 2 Glycoprotein 1, IgM","","Single parameter","Serology & Immunology","Serology & Immunology","","MissingDraftCandidate","Beta 2 Glycoprotein 1, IgM","RoutineSingleParameter","","review conflict/identity, then create Draft with billing/reporting disabled only if approved"
"190","Anti Phospholipid IgG","","Single parameter","Serology & Immunology","Serology & Immunology","","MissingDraftCandidate","Anti Phospholipid IgG","RoutineSingleParameter","","review conflict/identity, then create Draft with billing/reporting disabled only if approved"
"191","Anti Phospholipid IgM","","Single parameter","Serology & Immunology","Serology & Immunology","","MissingDraftCandidate","Anti Phospholipid IgM","RoutineSingleParameter","","review conflict/identity, then create Draft with billing/reporting disabled only if approved"
"192","Anti Cardiolipin IgG","","Single parameter","Serology & Immunology","Serology & Immunology","","MissingDraftCandidate","Anti Cardiolipin IgG","RoutineSingleParameter","","review conflict/identity, then create Draft with billing/reporting disabled only if approved"
"193","Anti Cardiolipin IgM","","Single parameter","Serology & Immunology","Serology & Immunology","","MissingDraftCandidate","Anti Cardiolipin IgM","RoutineSingleParameter","","review conflict/identity, then create Draft with billing/reporting disabled only if approved"
"194","WEIL FELIX TEST, SERUM","","Multi parameter","Serology & Immunology","Serology & Immunology","","MissingDraftCandidate","WEIL FELIX TEST, SERUM","RoutineMultiParameter/Profile","","review conflict/identity, then create Draft with billing/reporting disabled only if approved"
"195","Dengue IgG","","Single parameter","Serology & Immunology","Serology & Immunology","DENGUE_IGG — Dengue IgG Antibody (Rapid) [Active/Routine; clinical=true]","ConflictRequiresReview","Dengue IgG — distinct assay identity","RoutineSingleParameter","Dengue antigen/antibody/method variants are clinically and commercially distinct","review conflict/identity, then create Draft with billing/reporting disabled only if approved"
"196","Dengue IgM","","Single parameter","Serology & Immunology","Serology & Immunology","DENGUE_IGM — Dengue IgM Antibody (Rapid) [Active/Routine; clinical=true]","ConflictRequiresReview","Dengue IgM — distinct assay identity","RoutineSingleParameter","Dengue antigen/antibody/method variants are clinically and commercially distinct","review conflict/identity, then create Draft with billing/reporting disabled only if approved"
"197","Dengue IgG & IgM","","Multi parameter","Serology & Immunology","Serology & Immunology","","ConflictRequiresReview","Dengue IgG/IgM panel","RoutineMultiParameter/Profile","Dengue antigen/antibody/method variants are clinically and commercially distinct","review conflict/identity, then create Draft with billing/reporting disabled only if approved"
"198","Serum Cortisol","","Single parameter","Serology & Immunology","Endocrinology / Hormone","","DuplicateCandidate","Serum Cortisol","RoutineSingleParameter","Source department differs from proposed canonical discipline","review conflict/identity, then create Draft with billing/reporting disabled only if approved"
"199","Scrub Typhus","","Multi parameter","Serology & Immunology","Serology & Immunology","","MissingDraftCandidate","Scrub Typhus","RoutineMultiParameter/Profile","","review conflict/identity, then create Draft with billing/reporting disabled only if approved"
"200","TB GOLD, Interferon Gamma Release Assay","","Multi parameter","Serology & Immunology","Serology & Immunology","","MissingDraftCandidate","TB GOLD, Interferon Gamma Release Assay","RoutineMultiParameter/Profile","","review conflict/identity, then create Draft with billing/reporting disabled only if approved"
"201","Treponema Pallidum Hemagglutination Assay","TPHA","Single parameter","Serology & Immunology","Serology & Immunology","","MissingDraftCandidate","Treponema Pallidum Hemagglutination Assay","RoutineSingleParameter","","review conflict/identity, then create Draft with billing/reporting disabled only if approved"
"202","Troponin I Rapid","","Single parameter","Serology & Immunology","Clinical Biochemistry / Immunoassay","","MissingDraftCandidate","Troponin I Rapid","RoutineSingleParameter","Source department differs from proposed canonical discipline","review conflict/identity, then create Draft with billing/reporting disabled only if approved"
"203","Anti-HAV (Hepatitis A Virus Antibody)","","Multi parameter","Serology & Immunology","Serology & Immunology","","ConflictRequiresReview","Anti-HAV panel/identity requiring review","RoutineMultiParameter/Profile","HAV total/IgM/IgG and qualitative/panel variants require assay-level review","review conflict/identity, then create Draft with billing/reporting disabled only if approved"
"204","Anti-HAV IgM Qualitative","","Single parameter","Serology & Immunology","Serology & Immunology","","ConflictRequiresReview","HAV IgM qualitative","RoutineSingleParameter","HAV total/IgM/IgG and qualitative/panel variants require assay-level review","review conflict/identity, then create Draft with billing/reporting disabled only if approved"
"205","Anti-HAV IgG Qualitative","","Single parameter","Serology & Immunology","Serology & Immunology","","ConflictRequiresReview","HAV IgG qualitative","RoutineSingleParameter","HAV total/IgM/IgG and qualitative/panel variants require assay-level review","review conflict/identity, then create Draft with billing/reporting disabled only if approved"
"206","LEISHMANIA rK-39 ANTIBODY, SERUM","KALA AZAR","Single parameter","Serology & Immunology","Serology & Immunology","","MissingDraftCandidate","LEISHMANIA rK-39 ANTIBODY, SERUM","RoutineSingleParameter","","review conflict/identity, then create Draft with billing/reporting disabled only if approved"
"207","ASO (Anti-Streptolysin O) Qualitative","","Single parameter","Serology & Immunology","Serology & Immunology","","MissingDraftCandidate","ASO (Anti-Streptolysin O) Qualitative","RoutineSingleParameter","","review conflict/identity, then create Draft with billing/reporting disabled only if approved"
"208","HIV ELISA I/II","","Single parameter","Serology & Immunology","Serology & Immunology","","MissingDraftCandidate","HIV ELISA I/II","RoutineSingleParameter","","review conflict/identity, then create Draft with billing/reporting disabled only if approved"
"209","HBsAg ELISA","","Single parameter","Serology & Immunology","Serology & Immunology","","MissingDraftCandidate","HBsAg ELISA","RoutineSingleParameter","","review conflict/identity, then create Draft with billing/reporting disabled only if approved"
"210","HCV RNA Quantitative","","Multi parameter","Serology & Immunology","Molecular Diagnostics","","SpecialistWorkflowRequired","HCV RNA Quantitative — molecular assay","MolecularAssay","Source department differs from proposed canonical discipline","create/complete dedicated MolecularAssay workflow before enabling reporting"
"211","ALLERGY SCREENING TEST","","Document","Serology & Immunology","Serology & Immunology","","MissingDraftCandidate","ALLERGY SCREENING TEST","Document/StructuredNarrativeReview","","review conflict/identity, then create Draft with billing/reporting disabled only if approved"
"212","Cortisol","","Multi parameter","Serology & Immunology","Endocrinology / Hormone","","DuplicateCandidate","Cortisol","RoutineMultiParameter/Profile","Source department differs from proposed canonical discipline","review conflict/identity, then create Draft with billing/reporting disabled only if approved"
"213","BRAC1 BRAC2","GENETIC TEST","Single parameter","Serology & Immunology","Molecular Diagnostics","","SpecialistWorkflowRequired","BRCA1/BRCA2 — molecular/genetic assay","MolecularAssay","Source department differs from proposed canonical discipline","create/complete dedicated MolecularAssay workflow before enabling reporting"
"214","Urine for creatinine","","Single parameter","Clinical Pathology","Clinical Pathology","","MissingDraftCandidate","Urine for creatinine","RoutineSingleParameter","","review conflict/identity, then create Draft with billing/reporting disabled only if approved"
"215","Urine for ELISA (Pregnancy)","","Single parameter","Clinical Pathology","Clinical Pathology","","MissingDraftCandidate","Urine for ELISA (Pregnancy)","RoutineSingleParameter","","review conflict/identity, then create Draft with billing/reporting disabled only if approved"
"216","Urine for Fungal","","Single parameter","Clinical Pathology","Clinical Pathology","","MissingDraftCandidate","Urine for Fungal","RoutineSingleParameter","","review conflict/identity, then create Draft with billing/reporting disabled only if approved"
"217","Urine for Ketone","","Single parameter","Clinical Pathology","Clinical Pathology","","MissingDraftCandidate","Urine for Ketone","RoutineSingleParameter","","review conflict/identity, then create Draft with billing/reporting disabled only if approved"
"218","Urine for Microalbumin","","Single parameter","Clinical Pathology","Clinical Pathology","","MissingDraftCandidate","Urine for Microalbumin","RoutineSingleParameter","","review conflict/identity, then create Draft with billing/reporting disabled only if approved"
"219","Urine for Protein","","Single parameter","Clinical Pathology","Clinical Pathology","","MissingDraftCandidate","Urine for Protein","RoutineSingleParameter","","review conflict/identity, then create Draft with billing/reporting disabled only if approved"
"220","Urine Pregnancy Test","UPT","Single parameter","Clinical Pathology","Clinical Pathology","","MissingDraftCandidate","Urine Pregnancy Test","RoutineSingleParameter","","review conflict/identity, then create Draft with billing/reporting disabled only if approved"
"221","Urine for AFB 24 hours","","Single parameter","Clinical Pathology","Microbiology","","MissingDraftCandidate","Urine for AFB 24 hours","RoutineSingleParameter","Source department differs from proposed canonical discipline","review conflict/identity, then create Draft with billing/reporting disabled only if approved"
"222","Urine for Chyle","","Single parameter","Clinical Pathology","Clinical Pathology","","MissingDraftCandidate","Urine for Chyle","RoutineSingleParameter","","review conflict/identity, then create Draft with billing/reporting disabled only if approved"
"223","Semen Examination","","Multi parameter nested","Clinical Pathology","Clinical Pathology","","SpecialistWorkflowRequired","Semen Analysis structured service","StructuredClinicalPathology","","create/complete dedicated StructuredClinicalPathology workflow before enabling reporting"
"224","Urine Sugar Fasting","","Single parameter","Clinical Pathology","Clinical Pathology","","MissingDraftCandidate","Urine Sugar Fasting","RoutineSingleParameter","","review conflict/identity, then create Draft with billing/reporting disabled only if approved"
"225","Stool Routine Examination","","Multi parameter nested","Clinical Pathology","Clinical Pathology","","SpecialistWorkflowRequired","Stool R/E structured service","StructuredClinicalPathology","","create/complete dedicated StructuredClinicalPathology workflow before enabling reporting"
"226","Urine Sugar PP","","Single parameter","Clinical Pathology","Clinical Pathology","","MissingDraftCandidate","Urine Sugar PP","RoutineSingleParameter","","review conflict/identity, then create Draft with billing/reporting disabled only if approved"
"227","Urine Sugar Random","","Single parameter","Clinical Pathology","Clinical Pathology","","MissingDraftCandidate","Urine Sugar Random","RoutineSingleParameter","","review conflict/identity, then create Draft with billing/reporting disabled only if approved"
"228","Urine Routine Examination","","Multi parameter nested","Clinical Pathology","Clinical Pathology","","SpecialistWorkflowRequired","Urine R/E structured service","StructuredClinicalPathology","","create/complete dedicated StructuredClinicalPathology workflow before enabling reporting"
"229","Fluid Examination","","Multi parameter nested","Clinical Pathology","Clinical Pathology","","SpecialistWorkflowRequired","Fluid Examination structured service","StructuredClinicalPathology","","create/complete dedicated StructuredClinicalPathology workflow before enabling reporting"
"230","Urine Cotinine","UCT","Single parameter","Clinical Pathology","Clinical Pathology","","MissingDraftCandidate","Urine Cotinine","RoutineSingleParameter","","review conflict/identity, then create Draft with billing/reporting disabled only if approved"
"231","Urine Cortisol","","Single parameter","Clinical Pathology","Clinical Pathology","","MissingDraftCandidate","Urine Cortisol","RoutineSingleParameter","","review conflict/identity, then create Draft with billing/reporting disabled only if approved"
"232","Microalbumin, Urine 24 hours","","Multi parameter","Clinical Pathology","Clinical Pathology","","MissingDraftCandidate","Microalbumin, Urine 24 hours","RoutineMultiParameter/Profile","","review conflict/identity, then create Draft with billing/reporting disabled only if approved"
"233","Urine Bile Pigment","","Single parameter","Clinical Pathology","Clinical Pathology","","MissingDraftCandidate","Urine Bile Pigment","RoutineSingleParameter","","review conflict/identity, then create Draft with billing/reporting disabled only if approved"
"234","Urine Bile Salt","","Single parameter","Clinical Pathology","Clinical Pathology","","MissingDraftCandidate","Urine Bile Salt","RoutineSingleParameter","","review conflict/identity, then create Draft with billing/reporting disabled only if approved"
"235","FNAC (Fine Needle Aspiration)","","Document","Cytology","Cytology","","SpecialistWorkflowRequired","FNAC cytology case","CytologyCase","","create/complete dedicated CytologyCase workflow before enabling reporting"
"236","PAP Smear","","Document","Cytology","Cytology","","SpecialistWorkflowRequired","PAP Smear cytology case","CytologyCase","","create/complete dedicated CytologyCase workflow before enabling reporting"
"237","Skin test for Leprosy","","Single parameter","Cytology","Cytology","","MissingDraftCandidate","Skin test for Leprosy","RoutineSingleParameter","","review conflict/identity, then create Draft with billing/reporting disabled only if approved"
"238","Gram's Stain","","Multi parameter","Microbiology","Microbiology","","SpecialistWorkflowRequired","Gram's Stain","StructuredMicroscopy","","create/complete dedicated StructuredMicroscopy workflow before enabling reporting"
"239","Acid - Fast Bacilli","AFB","Multi parameter","Microbiology","Microbiology","","SpecialistWorkflowRequired","Acid - Fast Bacilli","StructuredMicroscopy","","create/complete dedicated StructuredMicroscopy workflow before enabling reporting"
"240","Skin smear for AFB","","Single parameter","Microbiology","Microbiology","","SpecialistWorkflowRequired","Skin smear for AFB","StructuredMicroscopy","","create/complete dedicated StructuredMicroscopy workflow before enabling reporting"
"241","Fungal scraping smear","","Single parameter","Microbiology","Microbiology","","SpecialistWorkflowRequired","Fungal scraping smear","StructuredMicroscopy","","create/complete dedicated StructuredMicroscopy workflow before enabling reporting"
"242","Culture and Sensitivity","","Document","Microbiology","Microbiology","","SpecialistWorkflowRequired","Culture & Sensitivity microbiology case","MicrobiologyCulture","","create/complete dedicated MicrobiologyCulture workflow before enabling reporting"
"243","Pus Culture and Sensitivity","","Document","Microbiology","Microbiology","","SpecialistWorkflowRequired","Pus Culture & Sensitivity microbiology case","MicrobiologyCulture","","create/complete dedicated MicrobiologyCulture workflow before enabling reporting"
"244","Serum Triiodothyronine, T3","T3","Single parameter","Endocrinology","Endocrinology / Hormone","T3 — Triiodothyronine Total (T3) [Active/Routine; clinical=false]","ExactExisting","T3 — Triiodothyronine Total (T3)","RoutineSingleParameter","","confirm semantic/method equivalence; preserve existing identity; clinical configuration reviewed separately"
"245","Serum thyroxine, T4","T4","Single parameter","Endocrinology","Endocrinology / Hormone","T4 — Thyroxine Total (T4) [Active/Routine; clinical=false]","ExactExisting","T4 — Thyroxine Total (T4)","RoutineSingleParameter","","confirm semantic/method equivalence; preserve existing identity; clinical configuration reviewed separately"
"246","Thyroid-Stimulating Hormone, TSH","TSH","Single parameter","Endocrinology","Endocrinology / Hormone","TSH — Thyroid Stimulating Hormone (TSH, Ultrasensitive) [Active/Routine; clinical=false]","AliasExisting","TSH — Thyroid Stimulating Hormone (TSH, Ultrasensitive)","RoutineSingleParameter","","confirm semantic/method equivalence; preserve existing identity; clinical configuration reviewed separately"
"247","Free Triiodothyronine l, FT3","FT3","Single parameter","Endocrinology","Endocrinology / Hormone","FT3 — Free Triiodothyronine (FT3) [Active/Routine; clinical=false]","AliasExisting","FT3 — Free Triiodothyronine (FT3)","RoutineSingleParameter","","confirm semantic/method equivalence; preserve existing identity; clinical configuration reviewed separately"
"248","Free Thyroxine, FT4","FT4","Single parameter","Endocrinology","Endocrinology / Hormone","FT4 — Free Thyroxine (FT4) [Active/Routine; clinical=false]","ExactExisting","FT4 — Free Thyroxine (FT4)","RoutineSingleParameter","","confirm semantic/method equivalence; preserve existing identity; clinical configuration reviewed separately"
"249","Alfa Fetoprotein, AFP","AFP","Single parameter","Endocrinology","Endocrinology / Hormone","AFP — Alfa Feto Protein [Active/Routine; clinical=true]","AliasExisting","AFP — Alfa Feto Protein","RoutineSingleParameter","","confirm semantic/method equivalence; preserve existing identity; clinical configuration reviewed separately"
"250","Prolactin","PRL","Single parameter","Endocrinology","Endocrinology / Hormone","","MissingDraftCandidate","Prolactin","RoutineSingleParameter","","review conflict/identity, then create Draft with billing/reporting disabled only if approved"
"251","Luteinising Hormone, LH","LH","Single parameter","Endocrinology","Endocrinology / Hormone","","MissingDraftCandidate","Luteinising Hormone, LH","RoutineSingleParameter","","review conflict/identity, then create Draft with billing/reporting disabled only if approved"
"252","Follicle Stimulating Hormone, FSH","FSH","Single parameter","Endocrinology","Endocrinology / Hormone","","MissingDraftCandidate","Follicle Stimulating Hormone, FSH","RoutineSingleParameter","","review conflict/identity, then create Draft with billing/reporting disabled only if approved"
"253","Folic Acid","","Single parameter","Endocrinology","Endocrinology / Hormone","","MissingDraftCandidate","Folic Acid","RoutineSingleParameter","","review conflict/identity, then create Draft with billing/reporting disabled only if approved"
"254","Parathyroid Hormone (PTH)","","Single parameter","Endocrinology","Endocrinology / Hormone","","MissingDraftCandidate","Parathyroid Hormone (PTH)","RoutineSingleParameter","","review conflict/identity, then create Draft with billing/reporting disabled only if approved"
"255","CEA – Carcinoembryonic Antigen","","Single parameter","Others","Serology / Tumor Markers","","MissingDraftCandidate","CEA – Carcinoembryonic Antigen","RoutineSingleParameter","","review conflict/identity, then create Draft with billing/reporting disabled only if approved"
"256","Mantoux test","","Document","Miscellaneous","Miscellaneous","","MissingDraftCandidate","Mantoux test","Document/StructuredNarrativeReview","","review conflict/identity, then create Draft with billing/reporting disabled only if approved"
